XL,A,C,G,S,U,P,loss,nt,label,mass,round_4digits,1+,round_1+,simp_label
S',0,0,0,0,0,0,_H2S,0.5,S'-H2S,94.016713,94.0167,95.02453799999999,95.0245,X'
S,0,0,0,0,0,0,_H2S,1.0,S-H2S,226.058973,226.059,227.066798,227.0668,X
S,0,0,0,0,0,1,_H2S_H2O,1.0,S+P-H2S-H2O,288.014741,288.0147,289.02256600000004,289.0226,X+P
S,0,0,0,0,0,1,_H2S,1.0,S+P-H2S,306.025306,306.0253,307.033131,307.0331,X+P
S,0,0,0,0,0,2,_H2S_H2O,1.0,S+2P-H2S-H2O,367.981074,367.9811,368.988899,368.9889,X+2P
S,0,0,0,0,0,2,_H2S,1.0,S+2P-H2S,385.991639,385.9916,386.99946400000005,386.9995,X+2P
S,0,1,0,0,0,1,_H2S_H2O,2.0,SC+P-H2S-H2O,513.089698,513.0897,514.097523,514.0975,XC+P
S,0,0,0,0,1,1,_H2S_H2O,2.0,SU+P-H2S-H2O,514.073714,514.0737,515.081539,515.0815,XU+P
S,0,0,0,1,0,1,_H2S_H2O,2.0,SS+P-H2S-H2O,530.050871,530.0509,531.058696,531.0587,XS+P
S,0,1,0,0,0,1,_H2S,2.0,SC+P-H2S,531.100263,531.1003,532.1080880000001,532.1081,XC+P
S,0,0,0,0,1,1,_H2S,2.0,SU+P-H2S,532.084279,532.0843,533.0921040000001,533.0921,XU+P
S,1,0,0,0,0,1,_H2S_H2O,2.0,SA+P-H2S-H2O,537.100931,537.1009,538.108756,538.1088,XA+P
S,0,0,0,1,0,1,_H2S,2.0,SS+P-H2S,548.061436,548.0614,549.069261,549.0693,XS+P
S,0,0,1,0,0,1,_H2S_H2O,2.0,SG+P-H2S-H2O,553.095846,553.0958,554.1036710000001,554.1037,XG+P
S,1,0,0,0,0,1,_H2S,2.0,SA+P-H2S,555.111496,555.1115,556.119321,556.1193,XA+P
S,0,0,1,0,0,1,_H2S,2.0,SG+P-H2S,571.106411,571.1064,572.114236,572.1142,XG+P
S,0,1,0,0,0,2,_H2S_H2O,2.0,SC+2P-H2S-H2O,593.056031,593.056,594.063856,594.0639,XC+2P
S,0,0,0,0,1,2,_H2S_H2O,2.0,SU+2P-H2S-H2O,594.040047,594.04,595.047872,595.0479,XU+2P
S,0,0,0,1,0,2,_H2S_H2O,2.0,SS+2P-H2S-H2O,610.017204,610.0172,611.025029,611.025,XS+2P
S,0,1,0,0,0,2,_H2S,2.0,SC+2P-H2S,611.066596,611.0666,612.074421,612.0744,XC+2P
S,0,0,0,0,1,2,_H2S,2.0,SU+2P-H2S,612.050612,612.0506,613.058437,613.0584,XU+2P
S,1,0,0,0,0,2,_H2S_H2O,2.0,SA+2P-H2S-H2O,617.067264,617.0673,618.075089,618.0751,XA+2P
S,0,0,0,1,0,2,_H2S,2.0,SS+2P-H2S,628.027769,628.0278,629.0355940000001,629.0356,XS+2P
S,0,0,1,0,0,2,_H2S_H2O,2.0,SG+2P-H2S-H2O,633.062179,633.0622,634.070004,634.07,XG+2P
S,1,0,0,0,0,2,_H2S,2.0,SA+2P-H2S,635.077829,635.0778,636.085654,636.0857,XA+2P
S,0,0,1,0,0,2,_H2S,2.0,SG+2P-H2S,651.072744,651.0727,652.080569,652.0806,XG+2P
S,0,1,0,0,0,3,_H2S_H2O,2.0,SC+3P-H2S-H2O,673.022364,673.0224,674.0301890000001,674.0302,XC+3P
S,0,0,0,0,1,3,_H2S_H2O,2.0,SU+3P-H2S-H2O,674.00638,674.0064,675.0142050000001,675.0142,XU+3P
S,0,0,0,1,0,3,_H2S_H2O,2.0,SS+3P-H2S-H2O,689.983537,689.9835,690.991362,690.9914,XS+3P
S,0,1,0,0,0,3,_H2S,2.0,SC+3P-H2S,691.032929,691.0329,692.040754,692.0408,XC+3P
S,0,0,0,0,1,3,_H2S,2.0,SU+3P-H2S,692.016945,692.0169,693.02477,693.0248,XU+3P
S,1,0,0,0,0,3,_H2S_H2O,2.0,SA+3P-H2S-H2O,697.033597,697.0336,698.041422,698.0414,XA+3P
S,0,0,0,1,0,3,_H2S,2.0,SS+3P-H2S,707.994102,707.9941,709.001927,709.0019,XS+3P
S,0,0,1,0,0,3,_H2S_H2O,2.0,SG+3P-H2S-H2O,713.028512,713.0285,714.036337,714.0363,XG+3P
S,1,0,0,0,0,3,_H2S,2.0,SA+3P-H2S,715.044162,715.0442,716.051987,716.052,XA+3P
S,0,0,1,0,0,3,_H2S,2.0,SG+3P-H2S,731.039077,731.0391,732.046902,732.0469,XG+3P
S,0,2,0,0,0,2,_H2S_H2O,3.0,SCC+2P-H2S-H2O,818.130988,818.131,819.138813,819.1388,XCC+2P
S,0,1,0,0,1,2,_H2S_H2O,3.0,SCU+2P-H2S-H2O,819.115004,819.115,820.122829,820.1228,XCU+2P
S,0,0,0,0,2,2,_H2S_H2O,3.0,SUU+2P-H2S-H2O,820.09902,820.099,821.106845,821.1068,XUU+2P
S,0,1,0,1,0,2,_H2S_H2O,3.0,SCS+2P-H2S-H2O,835.092161,835.0922,836.0999860000001,836.1,XCS+2P
S,0,0,0,1,1,2,_H2S_H2O,3.0,SSU+2P-H2S-H2O,836.076177,836.0762,837.084002,837.084,XSU+2P
S,0,2,0,0,0,2,_H2S,3.0,SCC+2P-H2S,836.141553,836.1416,837.1493780000001,837.1494,XCC+2P
S,0,1,0,0,1,2,_H2S,3.0,SCU+2P-H2S,837.125569,837.1256,838.1333940000001,838.1334,XCU+2P
S,0,0,0,0,2,2,_H2S,3.0,SUU+2P-H2S,838.109585,838.1096,839.1174100000001,839.1174,XUU+2P
S,1,1,0,0,0,2,_H2S_H2O,3.0,SAC+2P-H2S-H2O,842.142221,842.1422,843.150046,843.15,XAC+2P
S,1,0,0,0,1,2,_H2S_H2O,3.0,SAU+2P-H2S-H2O,843.126237,843.1262,844.134062,844.1341,XAU+2P
S,0,0,0,2,0,2,_H2S_H2O,3.0,SSS+2P-H2S-H2O,852.053334,852.0533,853.061159,853.0612,XSS+2P
S,0,1,0,1,0,2,_H2S,3.0,SCS+2P-H2S,853.102726,853.1027,854.110551,854.1106,XCS+2P
S,0,0,0,1,1,2,_H2S,3.0,SSU+2P-H2S,854.086742,854.0867,855.094567,855.0946,XSU+2P
S,0,1,1,0,0,2,_H2S_H2O,3.0,SCG+2P-H2S-H2O,858.137136,858.1371,859.1449610000001,859.145,XCG+2P
S,1,0,0,1,0,2,_H2S_H2O,3.0,SAS+2P-H2S-H2O,859.103394,859.1034,860.111219,860.1112,XAS+2P
S,0,0,1,0,1,2,_H2S_H2O,3.0,SGU+2P-H2S-H2O,859.121152,859.1212,860.1289770000001,860.129,XGU+2P
S,1,1,0,0,0,2,_H2S,3.0,SAC+2P-H2S,860.152786,860.1528,861.160611,861.1606,XAC+2P
S,1,0,0,0,1,2,_H2S,3.0,SAU+2P-H2S,861.136802,861.1368,862.144627,862.1446,XAU+2P
S,2,0,0,0,0,2,_H2S_H2O,3.0,SAA+2P-H2S-H2O,866.153454,866.1535,867.161279,867.1613,XAA+2P
S,0,0,0,2,0,2,_H2S,3.0,SSS+2P-H2S,870.063899,870.0639,871.071724,871.0717,XSS+2P
S,0,0,1,1,0,2,_H2S_H2O,3.0,SGS+2P-H2S-H2O,875.098309,875.0983,876.106134,876.1061,XGS+2P
S,0,1,1,0,0,2,_H2S,3.0,SCG+2P-H2S,876.147701,876.1477,877.155526,877.1555,XCG+2P
S,1,0,0,1,0,2,_H2S,3.0,SAS+2P-H2S,877.113959,877.114,878.121784,878.1218,XAS+2P
S,0,0,1,0,1,2,_H2S,3.0,SGU+2P-H2S,877.131717,877.1317,878.139542,878.1395,XGU+2P
S,1,0,1,0,0,2,_H2S_H2O,3.0,SAG+2P-H2S-H2O,882.148369,882.1484,883.156194,883.1562,XAG+2P
S,2,0,0,0,0,2,_H2S,3.0,SAA+2P-H2S,884.164019,884.164,885.1718440000001,885.1718,XAA+2P
S,0,0,1,1,0,2,_H2S,3.0,SGS+2P-H2S,893.108874,893.1089,894.116699,894.1167,XGS+2P
S,0,2,0,0,0,3,_H2S_H2O,3.0,SCC+3P-H2S-H2O,898.097321,898.0973,899.105146,899.1051,XCC+3P
S,0,0,2,0,0,2,_H2S_H2O,3.0,SGG+2P-H2S-H2O,898.143284,898.1433,899.151109,899.1511,XGG+2P
S,0,1,0,0,1,3,_H2S_H2O,3.0,SCU+3P-H2S-H2O,899.081337,899.0813,900.089162,900.0892,XCU+3P
S,0,0,0,0,2,3,_H2S_H2O,3.0,SUU+3P-H2S-H2O,900.065353,900.0654,901.073178,901.0732,XUU+3P
S,1,0,1,0,0,2,_H2S,3.0,SAG+2P-H2S,900.158934,900.1589,901.1667590000001,901.1668,XAG+2P
S,0,1,0,1,0,3,_H2S_H2O,3.0,SCS+3P-H2S-H2O,915.058494,915.0585,916.066319,916.0663,XCS+3P
S,0,0,0,1,1,3,_H2S_H2O,3.0,SSU+3P-H2S-H2O,916.04251,916.0425,917.050335,917.0503,XSU+3P
S,0,2,0,0,0,3,_H2S,3.0,SCC+3P-H2S,916.107886,916.1079,917.115711,917.1157,XCC+3P
S,0,0,2,0,0,2,_H2S,3.0,SGG+2P-H2S,916.153849,916.1538,917.1616740000001,917.1617,XGG+2P
S,0,1,0,0,1,3,_H2S,3.0,SCU+3P-H2S,917.091902,917.0919,918.099727,918.0997,XCU+3P
S,0,0,0,0,2,3,_H2S,3.0,SUU+3P-H2S,918.075918,918.0759,919.083743,919.0837,XUU+3P
S,1,1,0,0,0,3,_H2S_H2O,3.0,SAC+3P-H2S-H2O,922.108554,922.1086,923.116379,923.1164,XAC+3P
S,1,0,0,0,1,3,_H2S_H2O,3.0,SAU+3P-H2S-H2O,923.09257,923.0926,924.100395,924.1004,XAU+3P
S,0,0,0,2,0,3,_H2S_H2O,3.0,SSS+3P-H2S-H2O,932.019667,932.0197,933.027492,933.0275,XSS+3P
S,0,1,0,1,0,3,_H2S,3.0,SCS+3P-H2S,933.069059,933.0691,934.0768840000001,934.0769,XCS+3P
S,0,0,0,1,1,3,_H2S,3.0,SSU+3P-H2S,934.053075,934.0531,935.0609000000001,935.0609,XSU+3P
S,0,1,1,0,0,3,_H2S_H2O,3.0,SCG+3P-H2S-H2O,938.103469,938.1035,939.111294,939.1113,XCG+3P
S,1,0,0,1,0,3,_H2S_H2O,3.0,SAS+3P-H2S-H2O,939.069727,939.0697,940.077552,940.0776,XAS+3P
S,0,0,1,0,1,3,_H2S_H2O,3.0,SGU+3P-H2S-H2O,939.087485,939.0875,940.09531,940.0953,XGU+3P
S,1,1,0,0,0,3,_H2S,3.0,SAC+3P-H2S,940.119119,940.1191,941.126944,941.1269,XAC+3P
S,1,0,0,0,1,3,_H2S,3.0,SAU+3P-H2S,941.103135,941.1031,942.11096,942.111,XAU+3P
S,2,0,0,0,0,3,_H2S_H2O,3.0,SAA+3P-H2S-H2O,946.119787,946.1198,947.127612,947.1276,XAA+3P
S,0,0,0,2,0,3,_H2S,3.0,SSS+3P-H2S,950.030232,950.0302,951.038057,951.0381,XSS+3P
S,0,0,1,1,0,3,_H2S_H2O,3.0,SGS+3P-H2S-H2O,955.064642,955.0646,956.0724670000001,956.0725,XGS+3P
S,0,1,1,0,0,3,_H2S,3.0,SCG+3P-H2S,956.114034,956.114,957.121859,957.1219,XCG+3P
S,1,0,0,1,0,3,_H2S,3.0,SAS+3P-H2S,957.080292,957.0803,958.088117,958.0881,XAS+3P
S,0,0,1,0,1,3,_H2S,3.0,SGU+3P-H2S,957.09805,957.0981,958.105875,958.1059,XGU+3P
S,1,0,1,0,0,3,_H2S_H2O,3.0,SAG+3P-H2S-H2O,962.114702,962.1147,963.122527,963.1225,XAG+3P
S,2,0,0,0,0,3,_H2S,3.0,SAA+3P-H2S,964.130352,964.1304,965.138177,965.1382,XAA+3P
S,0,0,1,1,0,3,_H2S,3.0,SGS+3P-H2S,973.075207,973.0752,974.083032,974.083,XGS+3P
S,0,2,0,0,0,4,_H2S_H2O,3.0,SCC+4P-H2S-H2O,978.063654,978.0637,979.0714790000001,979.0715,XCC+4P
S,0,0,2,0,0,3,_H2S_H2O,3.0,SGG+3P-H2S-H2O,978.109617,978.1096,979.117442,979.1174,XGG+3P
S,0,1,0,0,1,4,_H2S_H2O,3.0,SCU+4P-H2S-H2O,979.04767,979.0477,980.0554950000001,980.0555,XCU+4P
S,0,0,0,0,2,4,_H2S_H2O,3.0,SUU+4P-H2S-H2O,980.031686,980.0317,981.0395110000001,981.0395,XUU+4P
S,1,0,1,0,0,3,_H2S,3.0,SAG+3P-H2S,980.125267,980.1253,981.133092,981.1331,XAG+3P
S,0,1,0,1,0,4,_H2S_H2O,3.0,SCS+4P-H2S-H2O,995.024827,995.0248,996.032652,996.0327,XCS+4P
S,0,0,0,1,1,4,_H2S_H2O,3.0,SSU+4P-H2S-H2O,996.008843,996.0088,997.016668,997.0167,XSU+4P
S,0,2,0,0,0,4,_H2S,3.0,SCC+4P-H2S,996.074219,996.0742,997.082044,997.082,XCC+4P
S,0,0,2,0,0,3,_H2S,3.0,SGG+3P-H2S,996.120182,996.1202,997.128007,997.128,XGG+3P
S,0,1,0,0,1,4,_H2S,3.0,SCU+4P-H2S,997.058235,997.0582,998.06606,998.0661,XCU+4P
S,0,0,0,0,2,4,_H2S,3.0,SUU+4P-H2S,998.042251,998.0423,999.050076,999.0501,XUU+4P
S,1,1,0,0,0,4,_H2S_H2O,3.0,SAC+4P-H2S-H2O,1002.074887,1002.0749,1003.082712,1003.0827,XAC+4P
S,1,0,0,0,1,4,_H2S_H2O,3.0,SAU+4P-H2S-H2O,1003.058903,1003.0589,1004.066728,1004.0667,XAU+4P
S,0,0,0,2,0,4,_H2S_H2O,3.0,SSS+4P-H2S-H2O,1011.986,1011.986,1012.993825,1012.9938,XSS+4P
S,0,1,0,1,0,4,_H2S,3.0,SCS+4P-H2S,1013.035392,1013.0354,1014.043217,1014.0432,XCS+4P
S,0,0,0,1,1,4,_H2S,3.0,SSU+4P-H2S,1014.019408,1014.0194,1015.027233,1015.0272,XSU+4P
S,0,1,1,0,0,4,_H2S_H2O,3.0,SCG+4P-H2S-H2O,1018.069802,1018.0698,1019.077627,1019.0776,XCG+4P
S,1,0,0,1,0,4,_H2S_H2O,3.0,SAS+4P-H2S-H2O,1019.03606,1019.0361,1020.043885,1020.0439,XAS+4P
S,0,0,1,0,1,4,_H2S_H2O,3.0,SGU+4P-H2S-H2O,1019.053818,1019.0538,1020.061643,1020.0616,XGU+4P
S,1,1,0,0,0,4,_H2S,3.0,SAC+4P-H2S,1020.085452,1020.0855,1021.0932770000001,1021.0933,XAC+4P
S,1,0,0,0,1,4,_H2S,3.0,SAU+4P-H2S,1021.069468,1021.0695,1022.077293,1022.0773,XAU+4P
S,2,0,0,0,0,4,_H2S_H2O,3.0,SAA+4P-H2S-H2O,1026.08612,1026.0861,1027.0939449999998,1027.0939,XAA+4P
S,0,0,0,2,0,4,_H2S,3.0,SSS+4P-H2S,1029.996565,1029.9966,1031.0043899999998,1031.0044,XSS+4P
S,0,0,1,1,0,4,_H2S_H2O,3.0,SGS+4P-H2S-H2O,1035.030975,1035.031,1036.0387999999998,1036.0388,XGS+4P
S,0,1,1,0,0,4,_H2S,3.0,SCG+4P-H2S,1036.080367,1036.0804,1037.088192,1037.0882,XCG+4P
S,1,0,0,1,0,4,_H2S,3.0,SAS+4P-H2S,1037.046625,1037.0466,1038.0544499999999,1038.0544,XAS+4P
S,0,0,1,0,1,4,_H2S,3.0,SGU+4P-H2S,1037.064383,1037.0644,1038.0722079999998,1038.0722,XGU+4P
S,1,0,1,0,0,4,_H2S_H2O,3.0,SAG+4P-H2S-H2O,1042.081035,1042.081,1043.0888599999998,1043.0889,XAG+4P
S,2,0,0,0,0,4,_H2S,3.0,SAA+4P-H2S,1044.096685,1044.0967,1045.10451,1045.1045,XAA+4P
S,0,0,1,1,0,4,_H2S,3.0,SGS+4P-H2S,1053.04154,1053.0415,1054.0493649999999,1054.0494,XGS+4P
S,0,0,2,0,0,4,_H2S_H2O,3.0,SGG+4P-H2S-H2O,1058.07595,1058.076,1059.0837749999998,1059.0838,XGG+4P
S,1,0,1,0,0,4,_H2S,3.0,SAG+4P-H2S,1060.0916,1060.0916,1061.0994249999999,1061.0994,XAG+4P
S,0,0,2,0,0,4,_H2S,3.0,SGG+4P-H2S,1076.086515,1076.0865,1077.0943399999999,1077.0943,XGG+4P
S,0,3,0,0,0,3,_H2S_H2O,4.0,SCCC+3P-H2S-H2O,1123.172278,1123.1723,1124.180103,1124.1801,XCCC+3P
S,0,2,0,0,1,3,_H2S_H2O,4.0,SCCU+3P-H2S-H2O,1124.156294,1124.1563,1125.1641189999998,1125.1641,XCCU+3P
S,0,1,0,0,2,3,_H2S_H2O,4.0,SCUU+3P-H2S-H2O,1125.14031,1125.1403,1126.148135,1126.1481,XCUU+3P
S,0,0,0,0,3,3,_H2S_H2O,4.0,SUUU+3P-H2S-H2O,1126.124326,1126.1243,1127.132151,1127.1322,XUUU+3P
S,0,2,0,1,0,3,_H2S_H2O,4.0,SCCS+3P-H2S-H2O,1140.133451,1140.1335,1141.1412759999998,1141.1413,XCCS+3P
S,0,1,0,1,1,3,_H2S_H2O,4.0,SCSU+3P-H2S-H2O,1141.117467,1141.1175,1142.125292,1142.1253,XCSU+3P
S,0,3,0,0,0,3,_H2S,4.0,SCCC+3P-H2S,1141.182843,1141.1828,1142.190668,1142.1907,XCCC+3P
S,0,0,0,1,2,3,_H2S_H2O,4.0,SSUU+3P-H2S-H2O,1142.101483,1142.1015,1143.1093079999998,1143.1093,XSUU+3P
S,0,2,0,0,1,3,_H2S,4.0,SCCU+3P-H2S,1142.166859,1142.1669,1143.1746839999998,1143.1747,XCCU+3P
S,0,1,0,0,2,3,_H2S,4.0,SCUU+3P-H2S,1143.150875,1143.1509,1144.1587,1144.1587,XCUU+3P
S,0,0,0,0,3,3,_H2S,4.0,SUUU+3P-H2S,1144.134891,1144.1349,1145.1427159999998,1145.1427,XUUU+3P
S,1,2,0,0,0,3,_H2S_H2O,4.0,SACC+3P-H2S-H2O,1147.183511,1147.1835,1148.1913359999999,1148.1913,XACC+3P
S,1,1,0,0,1,3,_H2S_H2O,4.0,SACU+3P-H2S-H2O,1148.167527,1148.1675,1149.175352,1149.1754,XACU+3P
S,1,0,0,0,2,3,_H2S_H2O,4.0,SAUU+3P-H2S-H2O,1149.151543,1149.1515,1150.1593679999999,1150.1594,XAUU+3P
S,0,1,0,2,0,3,_H2S_H2O,4.0,SCSS+3P-H2S-H2O,1157.094624,1157.0946,1158.102449,1158.1024,XCSS+3P
S,0,0,0,2,1,3,_H2S_H2O,4.0,SSSU+3P-H2S-H2O,1158.07864,1158.0786,1159.0864649999999,1159.0865,XSSU+3P
S,0,2,0,1,0,3,_H2S,4.0,SCCS+3P-H2S,1158.144016,1158.144,1159.1518409999999,1159.1518,XCCS+3P
S,0,1,0,1,1,3,_H2S,4.0,SCSU+3P-H2S,1159.128032,1159.128,1160.135857,1160.1359,XCSU+3P
S,0,0,0,1,2,3,_H2S,4.0,SSUU+3P-H2S,1160.112048,1160.112,1161.1198729999999,1161.1199,XSUU+3P
S,0,2,1,0,0,3,_H2S_H2O,4.0,SCCG+3P-H2S-H2O,1163.178426,1163.1784,1164.1862509999999,1164.1863,XCCG+3P
S,1,1,0,1,0,3,_H2S_H2O,4.0,SACS+3P-H2S-H2O,1164.144684,1164.1447,1165.152509,1165.1525,XACS+3P
S,0,1,1,0,1,3,_H2S_H2O,4.0,SCGU+3P-H2S-H2O,1164.162442,1164.1624,1165.170267,1165.1703,XCGU+3P
S,1,0,0,1,1,3,_H2S_H2O,4.0,SASU+3P-H2S-H2O,1165.1287,1165.1287,1166.136525,1166.1365,XASU+3P
S,0,0,1,0,2,3,_H2S_H2O,4.0,SGUU+3P-H2S-H2O,1165.146458,1165.1465,1166.1542829999999,1166.1543,XGUU+3P
S,1,2,0,0,0,3,_H2S,4.0,SACC+3P-H2S,1165.194076,1165.1941,1166.201901,1166.2019,XACC+3P
S,1,1,0,0,1,3,_H2S,4.0,SACU+3P-H2S,1166.178092,1166.1781,1167.185917,1167.1859,XACU+3P
S,1,0,0,0,2,3,_H2S,4.0,SAUU+3P-H2S,1167.162108,1167.1621,1168.169933,1168.1699,XAUU+3P
S,2,1,0,0,0,3,_H2S_H2O,4.0,SAAC+3P-H2S-H2O,1171.194744,1171.1947,1172.2025689999998,1172.2026,XAAC+3P
S,2,0,0,0,1,3,_H2S_H2O,4.0,SAAU+3P-H2S-H2O,1172.17876,1172.1788,1173.186585,1173.1866,XAAU+3P
S,0,0,0,3,0,3,_H2S_H2O,4.0,SSSS+3P-H2S-H2O,1174.055797,1174.0558,1175.063622,1175.0636,XSSS+3P
S,0,1,0,2,0,3,_H2S,4.0,SCSS+3P-H2S,1175.105189,1175.1052,1176.113014,1176.113,XCSS+3P
S,0,0,0,2,1,3,_H2S,4.0,SSSU+3P-H2S,1176.089205,1176.0892,1177.09703,1177.097,XSSU+3P
S,0,1,1,1,0,3,_H2S_H2O,4.0,SCGS+3P-H2S-H2O,1180.139599,1180.1396,1181.147424,1181.1474,XCGS+3P
S,1,0,0,2,0,3,_H2S_H2O,4.0,SASS+3P-H2S-H2O,1181.105857,1181.1059,1182.113682,1182.1137,XASS+3P
S,0,0,1,1,1,3,_H2S_H2O,4.0,SGSU+3P-H2S-H2O,1181.123615,1181.1236,1182.1314399999999,1182.1314,XGSU+3P
S,0,2,1,0,0,3,_H2S,4.0,SCCG+3P-H2S,1181.188991,1181.189,1182.196816,1182.1968,XCCG+3P
S,1,1,0,1,0,3,_H2S,4.0,SACS+3P-H2S,1182.155249,1182.1552,1183.1630739999998,1183.1631,XACS+3P
S,0,1,1,0,1,3,_H2S,4.0,SCGU+3P-H2S,1182.173007,1182.173,1183.180832,1183.1808,XCGU+3P
S,1,0,0,1,1,3,_H2S,4.0,SASU+3P-H2S,1183.139265,1183.1393,1184.14709,1184.1471,XASU+3P
S,0,0,1,0,2,3,_H2S,4.0,SGUU+3P-H2S,1183.157023,1183.157,1184.164848,1184.1648,XGUU+3P
S,1,1,1,0,0,3,_H2S_H2O,4.0,SACG+3P-H2S-H2O,1187.189659,1187.1897,1188.1974839999998,1188.1975,XACG+3P
S,2,0,0,1,0,3,_H2S_H2O,4.0,SAAS+3P-H2S-H2O,1188.155917,1188.1559,1189.163742,1189.1637,XAAS+3P
S,1,0,1,0,1,3,_H2S_H2O,4.0,SAGU+3P-H2S-H2O,1188.173675,1188.1737,1189.1815,1189.1815,XAGU+3P
S,2,1,0,0,0,3,_H2S,4.0,SAAC+3P-H2S,1189.205309,1189.2053,1190.2131339999999,1190.2131,XAAC+3P
S,2,0,0,0,1,3,_H2S,4.0,SAAU+3P-H2S,1190.189325,1190.1893,1191.19715,1191.1972,XAAU+3P
S,0,0,0,3,0,3,_H2S,4.0,SSSS+3P-H2S,1192.066362,1192.0664,1193.074187,1193.0742,XSSS+3P
S,3,0,0,0,0,3,_H2S_H2O,4.0,SAAA+3P-H2S-H2O,1195.205977,1195.206,1196.213802,1196.2138,XAAA+3P
S,0,0,1,2,0,3,_H2S_H2O,4.0,SGSS+3P-H2S-H2O,1197.100772,1197.1008,1198.108597,1198.1086,XGSS+3P
S,0,1,1,1,0,3,_H2S,4.0,SCGS+3P-H2S,1198.150164,1198.1502,1199.1579889999998,1199.158,XCGS+3P
S,1,0,0,2,0,3,_H2S,4.0,SASS+3P-H2S,1199.116422,1199.1164,1200.124247,1200.1242,XASS+3P
S,0,0,1,1,1,3,_H2S,4.0,SGSU+3P-H2S,1199.13418,1199.1342,1200.142005,1200.142,XGSU+3P
S,0,3,0,0,0,4,_H2S_H2O,4.0,SCCC+4P-H2S-H2O,1203.138611,1203.1386,1204.146436,1204.1464,XCCC+4P
S,0,1,2,0,0,3,_H2S_H2O,4.0,SCGG+3P-H2S-H2O,1203.184574,1203.1846,1204.192399,1204.1924,XCGG+3P
S,0,2,0,0,1,4,_H2S_H2O,4.0,SCCU+4P-H2S-H2O,1204.122627,1204.1226,1205.1304519999999,1205.1305,XCCU+4P
S,1,0,1,1,0,3,_H2S_H2O,4.0,SAGS+3P-H2S-H2O,1204.150832,1204.1508,1205.158657,1205.1587,XAGS+3P
S,0,0,2,0,1,3,_H2S_H2O,4.0,SGGU+3P-H2S-H2O,1204.16859,1204.1686,1205.176415,1205.1764,XGGU+3P
S,0,1,0,0,2,4,_H2S_H2O,4.0,SCUU+4P-H2S-H2O,1205.106643,1205.1066,1206.114468,1206.1145,XCUU+4P
S,1,1,1,0,0,3,_H2S,4.0,SACG+3P-H2S,1205.200224,1205.2002,1206.2080489999998,1206.208,XACG+3P
S,0,0,0,0,3,4,_H2S_H2O,4.0,SUUU+4P-H2S-H2O,1206.090659,1206.0907,1207.0984839999999,1207.0985,XUUU+4P
S,2,0,0,1,0,3,_H2S,4.0,SAAS+3P-H2S,1206.166482,1206.1665,1207.174307,1207.1743,XAAS+3P
S,1,0,1,0,1,3,_H2S,4.0,SAGU+3P-H2S,1206.18424,1206.1842,1207.192065,1207.1921,XAGU+3P
S,2,0,1,0,0,3,_H2S_H2O,4.0,SAAG+3P-H2S-H2O,1211.200892,1211.2009,1212.208717,1212.2087,XAAG+3P
S,3,0,0,0,0,3,_H2S,4.0,SAAA+3P-H2S,1213.216542,1213.2165,1214.2243669999998,1214.2244,XAAA+3P
S,0,0,1,2,0,3,_H2S,4.0,SGSS+3P-H2S,1215.111337,1215.1113,1216.119162,1216.1192,XGSS+3P
S,0,2,0,1,0,4,_H2S_H2O,4.0,SCCS+4P-H2S-H2O,1220.099784,1220.0998,1221.107609,1221.1076,XCCS+4P
S,0,0,2,1,0,3,_H2S_H2O,4.0,SGGS+3P-H2S-H2O,1220.145747,1220.1457,1221.153572,1221.1536,XGGS+3P
S,0,1,0,1,1,4,_H2S_H2O,4.0,SCSU+4P-H2S-H2O,1221.0838,1221.0838,1222.091625,1222.0916,XCSU+4P
S,0,3,0,0,0,4,_H2S,4.0,SCCC+4P-H2S,1221.149176,1221.1492,1222.1570009999998,1222.157,XCCC+4P
S,0,1,2,0,0,3,_H2S,4.0,SCGG+3P-H2S,1221.195139,1221.1951,1222.2029639999998,1222.203,XCGG+3P
S,0,0,0,1,2,4,_H2S_H2O,4.0,SSUU+4P-H2S-H2O,1222.067816,1222.0678,1223.075641,1223.0756,XSUU+4P
S,0,2,0,0,1,4,_H2S,4.0,SCCU+4P-H2S,1222.133192,1222.1332,1223.141017,1223.141,XCCU+4P
S,1,0,1,1,0,3,_H2S,4.0,SAGS+3P-H2S,1222.161397,1222.1614,1223.169222,1223.1692,XAGS+3P
S,0,0,2,0,1,3,_H2S,4.0,SGGU+3P-H2S,1222.179155,1222.1792,1223.18698,1223.187,XGGU+3P
S,0,1,0,0,2,4,_H2S,4.0,SCUU+4P-H2S,1223.117208,1223.1172,1224.1250329999998,1224.125,XCUU+4P
S,0,0,0,0,3,4,_H2S,4.0,SUUU+4P-H2S,1224.101224,1224.1012,1225.109049,1225.109,XUUU+4P
S,1,2,0,0,0,4,_H2S_H2O,4.0,SACC+4P-H2S-H2O,1227.149844,1227.1498,1228.157669,1228.1577,XACC+4P
S,1,0,2,0,0,3,_H2S_H2O,4.0,SAGG+3P-H2S-H2O,1227.195807,1227.1958,1228.203632,1228.2036,XAGG+3P
S,1,1,0,0,1,4,_H2S_H2O,4.0,SACU+4P-H2S-H2O,1228.13386,1228.1339,1229.1416849999998,1229.1417,XACU+4P
S,1,0,0,0,2,4,_H2S_H2O,4.0,SAUU+4P-H2S-H2O,1229.117876,1229.1179,1230.125701,1230.1257,XAUU+4P
S,2,0,1,0,0,3,_H2S,4.0,SAAG+3P-H2S,1229.211457,1229.2115,1230.219282,1230.2193,XAAG+3P
S,0,1,0,2,0,4,_H2S_H2O,4.0,SCSS+4P-H2S-H2O,1237.060957,1237.061,1238.0687819999998,1238.0688,XCSS+4P
S,0,0,0,2,1,4,_H2S_H2O,4.0,SSSU+4P-H2S-H2O,1238.044973,1238.045,1239.052798,1239.0528,XSSU+4P
S,0,2,0,1,0,4,_H2S,4.0,SCCS+4P-H2S,1238.110349,1238.1103,1239.118174,1239.1182,XCCS+4P
S,0,0,2,1,0,3,_H2S,4.0,SGGS+3P-H2S,1238.156312,1238.1563,1239.164137,1239.1641,XGGS+3P
S,0,1,0,1,1,4,_H2S,4.0,SCSU+4P-H2S,1239.094365,1239.0944,1240.1021899999998,1240.1022,XCSU+4P
S,0,0,0,1,2,4,_H2S,4.0,SSUU+4P-H2S,1240.078381,1240.0784,1241.086206,1241.0862,XSUU+4P
S,0,2,1,0,0,4,_H2S_H2O,4.0,SCCG+4P-H2S-H2O,1243.144759,1243.1448,1244.152584,1244.1526,XCCG+4P
S,0,0,3,0,0,3,_H2S_H2O,4.0,SGGG+3P-H2S-H2O,1243.190722,1243.1907,1244.198547,1244.1985,XGGG+3P
S,1,1,0,1,0,4,_H2S_H2O,4.0,SACS+4P-H2S-H2O,1244.111017,1244.111,1245.1188419999999,1245.1188,XACS+4P
S,0,1,1,0,1,4,_H2S_H2O,4.0,SCGU+4P-H2S-H2O,1244.128775,1244.1288,1245.1365999999998,1245.1366,XCGU+4P
S,1,0,0,1,1,4,_H2S_H2O,4.0,SASU+4P-H2S-H2O,1245.095033,1245.095,1246.102858,1246.1029,XASU+4P
S,0,0,1,0,2,4,_H2S_H2O,4.0,SGUU+4P-H2S-H2O,1245.112791,1245.1128,1246.120616,1246.1206,XGUU+4P
S,1,2,0,0,0,4,_H2S,4.0,SACC+4P-H2S,1245.160409,1245.1604,1246.168234,1246.1682,XACC+4P
S,1,0,2,0,0,3,_H2S,4.0,SAGG+3P-H2S,1245.206372,1245.2064,1246.214197,1246.2142,XAGG+3P
S,1,1,0,0,1,4,_H2S,4.0,SACU+4P-H2S,1246.144425,1246.1444,1247.1522499999999,1247.1522,XACU+4P
S,1,0,0,0,2,4,_H2S,4.0,SAUU+4P-H2S,1247.128441,1247.1284,1248.136266,1248.1363,XAUU+4P
S,2,1,0,0,0,4,_H2S_H2O,4.0,SAAC+4P-H2S-H2O,1251.161077,1251.1611,1252.168902,1252.1689,XAAC+4P
S,2,0,0,0,1,4,_H2S_H2O,4.0,SAAU+4P-H2S-H2O,1252.145093,1252.1451,1253.152918,1253.1529,XAAU+4P
S,0,0,0,3,0,4,_H2S_H2O,4.0,SSSS+4P-H2S-H2O,1254.02213,1254.0221,1255.029955,1255.03,XSSS+4P
S,0,1,0,2,0,4,_H2S,4.0,SCSS+4P-H2S,1255.071522,1255.0715,1256.0793469999999,1256.0793,XCSS+4P
S,0,0,0,2,1,4,_H2S,4.0,SSSU+4P-H2S,1256.055538,1256.0555,1257.063363,1257.0634,XSSU+4P
S,0,1,1,1,0,4,_H2S_H2O,4.0,SCGS+4P-H2S-H2O,1260.105932,1260.1059,1261.1137569999999,1261.1138,XCGS+4P
S,1,0,0,2,0,4,_H2S_H2O,4.0,SASS+4P-H2S-H2O,1261.07219,1261.0722,1262.080015,1262.08,XASS+4P
S,0,0,1,1,1,4,_H2S_H2O,4.0,SGSU+4P-H2S-H2O,1261.089948,1261.0899,1262.097773,1262.0978,XGSU+4P
S,0,2,1,0,0,4,_H2S,4.0,SCCG+4P-H2S,1261.155324,1261.1553,1262.163149,1262.1631,XCCG+4P
S,0,0,3,0,0,3,_H2S,4.0,SGGG+3P-H2S,1261.201287,1261.2013,1262.209112,1262.2091,XGGG+3P
S,1,1,0,1,0,4,_H2S,4.0,SACS+4P-H2S,1262.121582,1262.1216,1263.129407,1263.1294,XACS+4P
S,0,1,1,0,1,4,_H2S,4.0,SCGU+4P-H2S,1262.13934,1262.1393,1263.1471649999999,1263.1472,XCGU+4P
S,1,0,0,1,1,4,_H2S,4.0,SASU+4P-H2S,1263.105598,1263.1056,1264.113423,1264.1134,XASU+4P
S,0,0,1,0,2,4,_H2S,4.0,SGUU+4P-H2S,1263.123356,1263.1234,1264.131181,1264.1312,XGUU+4P
S,1,1,1,0,0,4,_H2S_H2O,4.0,SACG+4P-H2S-H2O,1267.155992,1267.156,1268.1638169999999,1268.1638,XACG+4P
S,2,0,0,1,0,4,_H2S_H2O,4.0,SAAS+4P-H2S-H2O,1268.12225,1268.1222,1269.1300749999998,1269.1301,XAAS+4P
S,1,0,1,0,1,4,_H2S_H2O,4.0,SAGU+4P-H2S-H2O,1268.140008,1268.14,1269.147833,1269.1478,XAGU+4P
S,2,1,0,0,0,4,_H2S,4.0,SAAC+4P-H2S,1269.171642,1269.1716,1270.179467,1270.1795,XAAC+4P
S,2,0,0,0,1,4,_H2S,4.0,SAAU+4P-H2S,1270.155658,1270.1557,1271.1634829999998,1271.1635,XAAU+4P
S,0,0,0,3,0,4,_H2S,4.0,SSSS+4P-H2S,1272.032695,1272.0327,1273.04052,1273.0405,XSSS+4P
S,3,0,0,0,0,4,_H2S_H2O,4.0,SAAA+4P-H2S-H2O,1275.17231,1275.1723,1276.1801349999998,1276.1801,XAAA+4P
S,0,0,1,2,0,4,_H2S_H2O,4.0,SGSS+4P-H2S-H2O,1277.067105,1277.0671,1278.07493,1278.0749,XGSS+4P
S,0,1,1,1,0,4,_H2S,4.0,SCGS+4P-H2S,1278.116497,1278.1165,1279.124322,1279.1243,XCGS+4P
S,1,0,0,2,0,4,_H2S,4.0,SASS+4P-H2S,1279.082755,1279.0828,1280.0905799999998,1280.0906,XASS+4P
S,0,0,1,1,1,4,_H2S,4.0,SGSU+4P-H2S,1279.100513,1279.1005,1280.108338,1280.1083,XGSU+4P
S,0,3,0,0,0,5,_H2S_H2O,4.0,SCCC+5P-H2S-H2O,1283.104944,1283.1049,1284.1127689999998,1284.1128,XCCC+5P
S,0,1,2,0,0,4,_H2S_H2O,4.0,SCGG+4P-H2S-H2O,1283.150907,1283.1509,1284.1587319999999,1284.1587,XCGG+4P
S,0,2,0,0,1,5,_H2S_H2O,4.0,SCCU+5P-H2S-H2O,1284.08896,1284.089,1285.096785,1285.0968,XCCU+5P
S,1,0,1,1,0,4,_H2S_H2O,4.0,SAGS+4P-H2S-H2O,1284.117165,1284.1172,1285.12499,1285.125,XAGS+4P
S,0,0,2,0,1,4,_H2S_H2O,4.0,SGGU+4P-H2S-H2O,1284.134923,1284.1349,1285.142748,1285.1427,XGGU+4P
S,0,1,0,0,2,5,_H2S_H2O,4.0,SCUU+5P-H2S-H2O,1285.072976,1285.073,1286.0808009999998,1286.0808,XCUU+5P
S,1,1,1,0,0,4,_H2S,4.0,SACG+4P-H2S,1285.166557,1285.1666,1286.174382,1286.1744,XACG+4P
S,0,0,0,0,3,5,_H2S_H2O,4.0,SUUU+5P-H2S-H2O,1286.056992,1286.057,1287.064817,1287.0648,XUUU+5P
S,2,0,0,1,0,4,_H2S,4.0,SAAS+4P-H2S,1286.132815,1286.1328,1287.1406399999998,1287.1406,XAAS+4P
S,1,0,1,0,1,4,_H2S,4.0,SAGU+4P-H2S,1286.150573,1286.1506,1287.1583979999998,1287.1584,XAGU+4P
S,2,0,1,0,0,4,_H2S_H2O,4.0,SAAG+4P-H2S-H2O,1291.167225,1291.1672,1292.1750499999998,1292.175,XAAG+4P
S,3,0,0,0,0,4,_H2S,4.0,SAAA+4P-H2S,1293.182875,1293.1829,1294.1906999999999,1294.1907,XAAA+4P
S,0,0,1,2,0,4,_H2S,4.0,SGSS+4P-H2S,1295.07767,1295.0777,1296.0854949999998,1296.0855,XGSS+4P
S,0,2,0,1,0,5,_H2S_H2O,4.0,SCCS+5P-H2S-H2O,1300.066117,1300.0661,1301.073942,1301.0739,XCCS+5P
S,0,0,2,1,0,4,_H2S_H2O,4.0,SGGS+4P-H2S-H2O,1300.11208,1300.1121,1301.119905,1301.1199,XGGS+4P
S,0,1,0,1,1,5,_H2S_H2O,4.0,SCSU+5P-H2S-H2O,1301.050133,1301.0501,1302.0579579999999,1302.058,XCSU+5P
S,0,3,0,0,0,5,_H2S,4.0,SCCC+5P-H2S,1301.115509,1301.1155,1302.1233339999999,1302.1233,XCCC+5P
S,0,1,2,0,0,4,_H2S,4.0,SCGG+4P-H2S,1301.161472,1301.1615,1302.169297,1302.1693,XCGG+4P
S,0,0,0,1,2,5,_H2S_H2O,4.0,SSUU+5P-H2S-H2O,1302.034149,1302.0341,1303.041974,1303.042,XSUU+5P
S,0,2,0,0,1,5,_H2S,4.0,SCCU+5P-H2S,1302.099525,1302.0995,1303.10735,1303.1074,XCCU+5P
S,1,0,1,1,0,4,_H2S,4.0,SAGS+4P-H2S,1302.12773,1302.1277,1303.1355549999998,1303.1356,XAGS+4P
S,0,0,2,0,1,4,_H2S,4.0,SGGU+4P-H2S,1302.145488,1302.1455,1303.1533129999998,1303.1533,XGGU+4P
S,0,1,0,0,2,5,_H2S,4.0,SCUU+5P-H2S,1303.083541,1303.0835,1304.0913659999999,1304.0914,XCUU+5P
S,0,0,0,0,3,5,_H2S,4.0,SUUU+5P-H2S,1304.067557,1304.0676,1305.075382,1305.0754,XUUU+5P
S,1,2,0,0,0,5,_H2S_H2O,4.0,SACC+5P-H2S-H2O,1307.116177,1307.1162,1308.124002,1308.124,XACC+5P
S,1,0,2,0,0,4,_H2S_H2O,4.0,SAGG+4P-H2S-H2O,1307.16214,1307.1621,1308.1699649999998,1308.17,XAGG+4P
S,1,1,0,0,1,5,_H2S_H2O,4.0,SACU+5P-H2S-H2O,1308.100193,1308.1002,1309.108018,1309.108,XACU+5P
S,1,0,0,0,2,5,_H2S_H2O,4.0,SAUU+5P-H2S-H2O,1309.084209,1309.0842,1310.092034,1310.092,XAUU+5P
S,2,0,1,0,0,4,_H2S,4.0,SAAG+4P-H2S,1309.17779,1309.1778,1310.1856149999999,1310.1856,XAAG+4P
S,0,1,0,2,0,5,_H2S_H2O,4.0,SCSS+5P-H2S-H2O,1317.02729,1317.0273,1318.035115,1318.0351,XCSS+5P
S,0,0,0,2,1,5,_H2S_H2O,4.0,SSSU+5P-H2S-H2O,1318.011306,1318.0113,1319.019131,1319.0191,XSSU+5P
S,0,2,0,1,0,5,_H2S,4.0,SCCS+5P-H2S,1318.076682,1318.0767,1319.0845069999998,1319.0845,XCCS+5P
S,0,0,2,1,0,4,_H2S,4.0,SGGS+4P-H2S,1318.122645,1318.1226,1319.1304699999998,1319.1305,XGGS+4P
S,0,1,0,1,1,5,_H2S,4.0,SCSU+5P-H2S,1319.060698,1319.0607,1320.068523,1320.0685,XCSU+5P
S,0,0,0,1,2,5,_H2S,4.0,SSUU+5P-H2S,1320.044714,1320.0447,1321.052539,1321.0525,XSUU+5P
S,0,2,1,0,0,5,_H2S_H2O,4.0,SCCG+5P-H2S-H2O,1323.111092,1323.1111,1324.118917,1324.1189,XCCG+5P
S,0,0,3,0,0,4,_H2S_H2O,4.0,SGGG+4P-H2S-H2O,1323.157055,1323.1571,1324.1648799999998,1324.1649,XGGG+4P
S,1,1,0,1,0,5,_H2S_H2O,4.0,SACS+5P-H2S-H2O,1324.07735,1324.0774,1325.085175,1325.0852,XACS+5P
S,0,1,1,0,1,5,_H2S_H2O,4.0,SCGU+5P-H2S-H2O,1324.095108,1324.0951,1325.102933,1325.1029,XCGU+5P
S,1,0,0,1,1,5,_H2S_H2O,4.0,SASU+5P-H2S-H2O,1325.061366,1325.0614,1326.0691909999998,1326.0692,XASU+5P
S,0,0,1,0,2,5,_H2S_H2O,4.0,SGUU+5P-H2S-H2O,1325.079124,1325.0791,1326.086949,1326.0869,XGUU+5P
S,1,2,0,0,0,5,_H2S,4.0,SACC+5P-H2S,1325.126742,1325.1267,1326.1345669999998,1326.1346,XACC+5P
S,1,0,2,0,0,4,_H2S,4.0,SAGG+4P-H2S,1325.172705,1325.1727,1326.1805299999999,1326.1805,XAGG+4P
S,1,1,0,0,1,5,_H2S,4.0,SACU+5P-H2S,1326.110758,1326.1108,1327.118583,1327.1186,XACU+5P
S,1,0,0,0,2,5,_H2S,4.0,SAUU+5P-H2S,1327.094774,1327.0948,1328.1025989999998,1328.1026,XAUU+5P
S,2,1,0,0,0,5,_H2S_H2O,4.0,SAAC+5P-H2S-H2O,1331.12741,1331.1274,1332.135235,1332.1352,XAAC+5P
S,2,0,0,0,1,5,_H2S_H2O,4.0,SAAU+5P-H2S-H2O,1332.111426,1332.1114,1333.1192509999998,1333.1193,XAAU+5P
S,0,0,0,3,0,5,_H2S_H2O,4.0,SSSS+5P-H2S-H2O,1333.988463,1333.9885,1334.9962879999998,1334.9963,XSSS+5P
S,0,1,0,2,0,5,_H2S,4.0,SCSS+5P-H2S,1335.037855,1335.0379,1336.04568,1336.0457,XCSS+5P
S,0,0,0,2,1,5,_H2S,4.0,SSSU+5P-H2S,1336.021871,1336.0219,1337.0296959999998,1337.0297,XSSU+5P
S,0,1,1,1,0,5,_H2S_H2O,4.0,SCGS+5P-H2S-H2O,1340.072265,1340.0723,1341.08009,1341.0801,XCGS+5P
S,1,0,0,2,0,5,_H2S_H2O,4.0,SASS+5P-H2S-H2O,1341.038523,1341.0385,1342.0463479999999,1342.0463,XASS+5P
S,0,0,1,1,1,5,_H2S_H2O,4.0,SGSU+5P-H2S-H2O,1341.056281,1341.0563,1342.0641059999998,1342.0641,XGSU+5P
S,0,2,1,0,0,5,_H2S,4.0,SCCG+5P-H2S,1341.121657,1341.1217,1342.1294819999998,1342.1295,XCCG+5P
S,0,0,3,0,0,4,_H2S,4.0,SGGG+4P-H2S,1341.16762,1341.1676,1342.1754449999999,1342.1754,XGGG+4P
S,1,1,0,1,0,5,_H2S,4.0,SACS+5P-H2S,1342.087915,1342.0879,1343.09574,1343.0957,XACS+5P
S,0,1,1,0,1,5,_H2S,4.0,SCGU+5P-H2S,1342.105673,1342.1057,1343.113498,1343.1135,XCGU+5P
S,1,0,0,1,1,5,_H2S,4.0,SASU+5P-H2S,1343.071931,1343.0719,1344.0797559999999,1344.0798,XASU+5P
S,0,0,1,0,2,5,_H2S,4.0,SGUU+5P-H2S,1343.089689,1343.0897,1344.0975139999998,1344.0975,XGUU+5P
S,1,1,1,0,0,5,_H2S_H2O,4.0,SACG+5P-H2S-H2O,1347.122325,1347.1223,1348.13015,1348.1302,XACG+5P
S,2,0,0,1,0,5,_H2S_H2O,4.0,SAAS+5P-H2S-H2O,1348.088583,1348.0886,1349.0964079999999,1349.0964,XAAS+5P
S,1,0,1,0,1,5,_H2S_H2O,4.0,SAGU+5P-H2S-H2O,1348.106341,1348.1063,1349.1141659999998,1349.1142,XAGU+5P
S,2,1,0,0,0,5,_H2S,4.0,SAAC+5P-H2S,1349.137975,1349.138,1350.1458,1350.1458,XAAC+5P
S,2,0,0,0,1,5,_H2S,4.0,SAAU+5P-H2S,1350.121991,1350.122,1351.129816,1351.1298,XAAU+5P
S,0,0,0,3,0,5,_H2S,4.0,SSSS+5P-H2S,1351.999028,1351.999,1353.0068529999999,1353.0069,XSSS+5P
S,3,0,0,0,0,5,_H2S_H2O,4.0,SAAA+5P-H2S-H2O,1355.138643,1355.1386,1356.146468,1356.1465,XAAA+5P
S,0,0,1,2,0,5,_H2S_H2O,4.0,SGSS+5P-H2S-H2O,1357.033438,1357.0334,1358.0412629999998,1358.0413,XGSS+5P
S,0,1,1,1,0,5,_H2S,4.0,SCGS+5P-H2S,1358.08283,1358.0828,1359.090655,1359.0907,XCGS+5P
S,1,0,0,2,0,5,_H2S,4.0,SASS+5P-H2S,1359.049088,1359.0491,1360.056913,1360.0569,XASS+5P
S,0,0,1,1,1,5,_H2S,4.0,SGSU+5P-H2S,1359.066846,1359.0668,1360.0746709999999,1360.0747,XGSU+5P
S,0,1,2,0,0,5,_H2S_H2O,4.0,SCGG+5P-H2S-H2O,1363.11724,1363.1172,1364.125065,1364.1251,XCGG+5P
S,1,0,1,1,0,5,_H2S_H2O,4.0,SAGS+5P-H2S-H2O,1364.083498,1364.0835,1365.0913229999999,1365.0913,XAGS+5P
S,0,0,2,0,1,5,_H2S_H2O,4.0,SGGU+5P-H2S-H2O,1364.101256,1364.1013,1365.1090809999998,1365.1091,XGGU+5P
S,1,1,1,0,0,5,_H2S,4.0,SACG+5P-H2S,1365.13289,1365.1329,1366.140715,1366.1407,XACG+5P
S,2,0,0,1,0,5,_H2S,4.0,SAAS+5P-H2S,1366.099148,1366.0991,1367.106973,1367.107,XAAS+5P
S,1,0,1,0,1,5,_H2S,4.0,SAGU+5P-H2S,1366.116906,1366.1169,1367.1247309999999,1367.1247,XAGU+5P
S,2,0,1,0,0,5,_H2S_H2O,4.0,SAAG+5P-H2S-H2O,1371.133558,1371.1336,1372.141383,1372.1414,XAAG+5P
S,3,0,0,0,0,5,_H2S,4.0,SAAA+5P-H2S,1373.149208,1373.1492,1374.157033,1374.157,XAAA+5P
S,0,0,1,2,0,5,_H2S,4.0,SGSS+5P-H2S,1375.044003,1375.044,1376.051828,1376.0518,XGSS+5P
S,0,0,2,1,0,5,_H2S_H2O,4.0,SGGS+5P-H2S-H2O,1380.078413,1380.0784,1381.0862379999999,1381.0862,XGGS+5P
S,0,1,2,0,0,5,_H2S,4.0,SCGG+5P-H2S,1381.127805,1381.1278,1382.13563,1382.1356,XCGG+5P
S,1,0,1,1,0,5,_H2S,4.0,SAGS+5P-H2S,1382.094063,1382.0941,1383.101888,1383.1019,XAGS+5P
S,0,0,2,0,1,5,_H2S,4.0,SGGU+5P-H2S,1382.111821,1382.1118,1383.1196459999999,1383.1196,XGGU+5P
S,1,0,2,0,0,5,_H2S_H2O,4.0,SAGG+5P-H2S-H2O,1387.128473,1387.1285,1388.136298,1388.1363,XAGG+5P
S,2,0,1,0,0,5,_H2S,4.0,SAAG+5P-H2S,1389.144123,1389.1441,1390.151948,1390.1519,XAAG+5P
S,0,0,2,1,0,5,_H2S,4.0,SGGS+5P-H2S,1398.088978,1398.089,1399.096803,1399.0968,XGGS+5P
S,0,0,3,0,0,5,_H2S_H2O,4.0,SGGG+5P-H2S-H2O,1403.123388,1403.1234,1404.131213,1404.1312,XGGG+5P
S,1,0,2,0,0,5,_H2S,4.0,SAGG+5P-H2S,1405.139038,1405.139,1406.146863,1406.1469,XAGG+5P
S,0,0,3,0,0,5,_H2S,4.0,SGGG+5P-H2S,1421.133953,1421.134,1422.141778,1422.1418,XGGG+5P
S,0,4,0,0,0,4,_H2S_H2O,5.0,SCCCC+4P-H2S-H2O,1428.213568,1428.2136,1429.2213929999998,1429.2214,XCCCC+4P
S,0,3,0,0,1,4,_H2S_H2O,5.0,SCCCU+4P-H2S-H2O,1429.197584,1429.1976,1430.205409,1430.2054,XCCCU+4P
S,0,2,0,0,2,4,_H2S_H2O,5.0,SCCUU+4P-H2S-H2O,1430.1816,1430.1816,1431.1894249999998,1431.1894,XCCUU+4P
S,0,1,0,0,3,4,_H2S_H2O,5.0,SCUUU+4P-H2S-H2O,1431.165616,1431.1656,1432.173441,1432.1734,XCUUU+4P
S,0,0,0,0,4,4,_H2S_H2O,5.0,SUUUU+4P-H2S-H2O,1432.149632,1432.1496,1433.157457,1433.1575,XUUUU+4P
S,0,3,0,1,0,4,_H2S_H2O,5.0,SCCCS+4P-H2S-H2O,1445.174741,1445.1747,1446.182566,1446.1826,XCCCS+4P
S,0,2,0,1,1,4,_H2S_H2O,5.0,SCCSU+4P-H2S-H2O,1446.158757,1446.1588,1447.1665819999998,1447.1666,XCCSU+4P
S,0,4,0,0,0,4,_H2S,5.0,SCCCC+4P-H2S,1446.224133,1446.2241,1447.2319579999998,1447.232,XCCCC+4P
S,0,1,0,1,2,4,_H2S_H2O,5.0,SCSUU+4P-H2S-H2O,1447.142773,1447.1428,1448.150598,1448.1506,XCSUU+4P
S,0,3,0,0,1,4,_H2S,5.0,SCCCU+4P-H2S,1447.208149,1447.2081,1448.215974,1448.216,XCCCU+4P
S,0,0,0,1,3,4,_H2S_H2O,5.0,SSUUU+4P-H2S-H2O,1448.126789,1448.1268,1449.1346139999998,1449.1346,XSUUU+4P
S,0,2,0,0,2,4,_H2S,5.0,SCCUU+4P-H2S,1448.192165,1448.1922,1449.1999899999998,1449.2,XCCUU+4P
S,0,1,0,0,3,4,_H2S,5.0,SCUUU+4P-H2S,1449.176181,1449.1762,1450.184006,1450.184,XCUUU+4P
S,0,0,0,0,4,4,_H2S,5.0,SUUUU+4P-H2S,1450.160197,1450.1602,1451.1680219999998,1451.168,XUUUU+4P
S,1,3,0,0,0,4,_H2S_H2O,5.0,SACCC+4P-H2S-H2O,1452.224801,1452.2248,1453.232626,1453.2326,XACCC+4P
S,1,2,0,0,1,4,_H2S_H2O,5.0,SACCU+4P-H2S-H2O,1453.208817,1453.2088,1454.2166419999999,1454.2166,XACCU+4P
S,1,1,0,0,2,4,_H2S_H2O,5.0,SACUU+4P-H2S-H2O,1454.192833,1454.1928,1455.200658,1455.2007,XACUU+4P
S,1,0,0,0,3,4,_H2S_H2O,5.0,SAUUU+4P-H2S-H2O,1455.176849,1455.1768,1456.1846739999999,1456.1847,XAUUU+4P
S,0,2,0,2,0,4,_H2S_H2O,5.0,SCCSS+4P-H2S-H2O,1462.135914,1462.1359,1463.1437389999999,1463.1437,XCCSS+4P
S,0,1,0,2,1,4,_H2S_H2O,5.0,SCSSU+4P-H2S-H2O,1463.11993,1463.1199,1464.127755,1464.1278,XCSSU+4P
S,0,3,0,1,0,4,_H2S,5.0,SCCCS+4P-H2S,1463.185306,1463.1853,1464.193131,1464.1931,XCCCS+4P
S,0,0,0,2,2,4,_H2S_H2O,5.0,SSSUU+4P-H2S-H2O,1464.103946,1464.1039,1465.1117709999999,1465.1118,XSSUU+4P
S,0,2,0,1,1,4,_H2S,5.0,SCCSU+4P-H2S,1464.169322,1464.1693,1465.1771469999999,1465.1771,XCCSU+4P
S,0,1,0,1,2,4,_H2S,5.0,SCSUU+4P-H2S,1465.153338,1465.1533,1466.161163,1466.1612,XCSUU+4P
S,0,0,0,1,3,4,_H2S,5.0,SSUUU+4P-H2S,1466.137354,1466.1374,1467.1451789999999,1467.1452,XSUUU+4P
S,0,3,1,0,0,4,_H2S_H2O,5.0,SCCCG+4P-H2S-H2O,1468.219716,1468.2197,1469.227541,1469.2275,XCCCG+4P
S,1,2,0,1,0,4,_H2S_H2O,5.0,SACCS+4P-H2S-H2O,1469.185974,1469.186,1470.193799,1470.1938,XACCS+4P
S,0,2,1,0,1,4,_H2S_H2O,5.0,SCCGU+4P-H2S-H2O,1469.203732,1469.2037,1470.2115569999999,1470.2116,XCCGU+4P
S,1,1,0,1,1,4,_H2S_H2O,5.0,SACSU+4P-H2S-H2O,1470.16999,1470.17,1471.177815,1471.1778,XACSU+4P
S,0,1,1,0,2,4,_H2S_H2O,5.0,SCGUU+4P-H2S-H2O,1470.187748,1470.1877,1471.195573,1471.1956,XCGUU+4P
S,1,3,0,0,0,4,_H2S,5.0,SACCC+4P-H2S,1470.235366,1470.2354,1471.243191,1471.2432,XACCC+4P
S,1,0,0,1,2,4,_H2S_H2O,5.0,SASUU+4P-H2S-H2O,1471.154006,1471.154,1472.161831,1472.1618,XASUU+4P
S,0,0,1,0,3,4,_H2S_H2O,5.0,SGUUU+4P-H2S-H2O,1471.171764,1471.1718,1472.1795889999999,1472.1796,XGUUU+4P
S,1,2,0,0,1,4,_H2S,5.0,SACCU+4P-H2S,1471.219382,1471.2194,1472.227207,1472.2272,XACCU+4P
S,1,1,0,0,2,4,_H2S,5.0,SACUU+4P-H2S,1472.203398,1472.2034,1473.211223,1473.2112,XACUU+4P
S,1,0,0,0,3,4,_H2S,5.0,SAUUU+4P-H2S,1473.187414,1473.1874,1474.195239,1474.1952,XAUUU+4P
S,2,2,0,0,0,4,_H2S_H2O,5.0,SAACC+4P-H2S-H2O,1476.236034,1476.236,1477.243859,1477.2439,XAACC+4P
S,2,1,0,0,1,4,_H2S_H2O,5.0,SAACU+4P-H2S-H2O,1477.22005,1477.22,1478.2278749999998,1478.2279,XAACU+4P
S,2,0,0,0,2,4,_H2S_H2O,5.0,SAAUU+4P-H2S-H2O,1478.204066,1478.2041,1479.211891,1479.2119,XAAUU+4P
S,0,1,0,3,0,4,_H2S_H2O,5.0,SCSSS+4P-H2S-H2O,1479.097087,1479.0971,1480.104912,1480.1049,XCSSS+4P
S,0,0,0,3,1,4,_H2S_H2O,5.0,SSSSU+4P-H2S-H2O,1480.081103,1480.0811,1481.088928,1481.0889,XSSSU+4P
S,0,2,0,2,0,4,_H2S,5.0,SCCSS+4P-H2S,1480.146479,1480.1465,1481.154304,1481.1543,XCCSS+4P
S,0,1,0,2,1,4,_H2S,5.0,SCSSU+4P-H2S,1481.130495,1481.1305,1482.13832,1482.1383,XCSSU+4P
S,0,0,0,2,2,4,_H2S,5.0,SSSUU+4P-H2S,1482.114511,1482.1145,1483.122336,1483.1223,XSSUU+4P
S,0,2,1,1,0,4,_H2S_H2O,5.0,SCCGS+4P-H2S-H2O,1485.180889,1485.1809,1486.188714,1486.1887,XCCGS+4P
S,1,1,0,2,0,4,_H2S_H2O,5.0,SACSS+4P-H2S-H2O,1486.147147,1486.1471,1487.1549719999998,1487.155,XACSS+4P
S,0,1,1,1,1,4,_H2S_H2O,5.0,SCGSU+4P-H2S-H2O,1486.164905,1486.1649,1487.17273,1487.1727,XCGSU+4P
S,0,3,1,0,0,4,_H2S,5.0,SCCCG+4P-H2S,1486.230281,1486.2303,1487.238106,1487.2381,XCCCG+4P
S,1,0,0,2,1,4,_H2S_H2O,5.0,SASSU+4P-H2S-H2O,1487.131163,1487.1312,1488.138988,1488.139,XASSU+4P
S,0,0,1,1,2,4,_H2S_H2O,5.0,SGSUU+4P-H2S-H2O,1487.148921,1487.1489,1488.1567459999999,1488.1567,XGSUU+4P
S,1,2,0,1,0,4,_H2S,5.0,SACCS+4P-H2S,1487.196539,1487.1965,1488.204364,1488.2044,XACCS+4P
S,0,2,1,0,1,4,_H2S,5.0,SCCGU+4P-H2S,1487.214297,1487.2143,1488.222122,1488.2221,XCCGU+4P
S,1,1,0,1,1,4,_H2S,5.0,SACSU+4P-H2S,1488.180555,1488.1806,1489.1883799999998,1489.1884,XACSU+4P
S,0,1,1,0,2,4,_H2S,5.0,SCGUU+4P-H2S,1488.198313,1488.1983,1489.206138,1489.2061,XCGUU+4P
S,1,0,0,1,2,4,_H2S,5.0,SASUU+4P-H2S,1489.164571,1489.1646,1490.172396,1490.1724,XASUU+4P
S,0,0,1,0,3,4,_H2S,5.0,SGUUU+4P-H2S,1489.182329,1489.1823,1490.190154,1490.1902,XGUUU+4P
S,1,2,1,0,0,4,_H2S_H2O,5.0,SACCG+4P-H2S-H2O,1492.230949,1492.2309,1493.238774,1493.2388,XACCG+4P
S,2,1,0,1,0,4,_H2S_H2O,5.0,SAACS+4P-H2S-H2O,1493.197207,1493.1972,1494.2050319999998,1494.205,XAACS+4P
S,1,1,1,0,1,4,_H2S_H2O,5.0,SACGU+4P-H2S-H2O,1493.214965,1493.215,1494.2227899999998,1494.2228,XACGU+4P
S,2,0,0,1,1,4,_H2S_H2O,5.0,SAASU+4P-H2S-H2O,1494.181223,1494.1812,1495.189048,1495.189,XAASU+4P
S,1,0,1,0,2,4,_H2S_H2O,5.0,SAGUU+4P-H2S-H2O,1494.198981,1494.199,1495.206806,1495.2068,XAGUU+4P
S,2,2,0,0,0,4,_H2S,5.0,SAACC+4P-H2S,1494.246599,1494.2466,1495.254424,1495.2544,XAACC+4P
S,2,1,0,0,1,4,_H2S,5.0,SAACU+4P-H2S,1495.230615,1495.2306,1496.2384399999999,1496.2384,XAACU+4P
S,0,0,0,4,0,4,_H2S_H2O,5.0,SSSSS+4P-H2S-H2O,1496.05826,1496.0583,1497.066085,1497.0661,XSSSS+4P
S,2,0,0,0,2,4,_H2S,5.0,SAAUU+4P-H2S,1496.214631,1496.2146,1497.222456,1497.2225,XAAUU+4P
S,0,1,0,3,0,4,_H2S,5.0,SCSSS+4P-H2S,1497.107652,1497.1077,1498.1154769999998,1498.1155,XCSSS+4P
S,0,0,0,3,1,4,_H2S,5.0,SSSSU+4P-H2S,1498.091668,1498.0917,1499.099493,1499.0995,XSSSU+4P
S,3,1,0,0,0,4,_H2S_H2O,5.0,SAAAC+4P-H2S-H2O,1500.247267,1500.2473,1501.2550919999999,1501.2551,XAAAC+4P
S,3,0,0,0,1,4,_H2S_H2O,5.0,SAAAU+4P-H2S-H2O,1501.231283,1501.2313,1502.239108,1502.2391,XAAAU+4P
S,0,1,1,2,0,4,_H2S_H2O,5.0,SCGSS+4P-H2S-H2O,1502.142062,1502.1421,1503.1498869999998,1503.1499,XCGSS+4P
S,1,0,0,3,0,4,_H2S_H2O,5.0,SASSS+4P-H2S-H2O,1503.10832,1503.1083,1504.116145,1504.1161,XASSS+4P
S,0,0,1,2,1,4,_H2S_H2O,5.0,SGSSU+4P-H2S-H2O,1503.126078,1503.1261,1504.133903,1504.1339,XGSSU+4P
S,0,2,1,1,0,4,_H2S,5.0,SCCGS+4P-H2S,1503.191454,1503.1915,1504.199279,1504.1993,XCCGS+4P
S,1,1,0,2,0,4,_H2S,5.0,SACSS+4P-H2S,1504.157712,1504.1577,1505.1655369999999,1505.1655,XACSS+4P
S,0,1,1,1,1,4,_H2S,5.0,SCGSU+4P-H2S,1504.17547,1504.1755,1505.1832949999998,1505.1833,XCGSU+4P
S,1,0,0,2,1,4,_H2S,5.0,SASSU+4P-H2S,1505.141728,1505.1417,1506.149553,1506.1496,XASSU+4P
S,0,0,1,1,2,4,_H2S,5.0,SGSUU+4P-H2S,1505.159486,1505.1595,1506.167311,1506.1673,XGSUU+4P
S,0,4,0,0,0,5,_H2S_H2O,5.0,SCCCC+5P-H2S-H2O,1508.179901,1508.1799,1509.1877259999999,1509.1877,XCCCC+5P
S,0,2,2,0,0,4,_H2S_H2O,5.0,SCCGG+4P-H2S-H2O,1508.225864,1508.2259,1509.233689,1509.2337,XCCGG+4P
S,0,3,0,0,1,5,_H2S_H2O,5.0,SCCCU+5P-H2S-H2O,1509.163917,1509.1639,1510.171742,1510.1717,XCCCU+5P
S,1,1,1,1,0,4,_H2S_H2O,5.0,SACGS+4P-H2S-H2O,1509.192122,1509.1921,1510.1999469999998,1510.1999,XACGS+4P
S,0,1,2,0,1,4,_H2S_H2O,5.0,SCGGU+4P-H2S-H2O,1509.20988,1509.2099,1510.217705,1510.2177,XCGGU+4P
S,0,2,0,0,2,5,_H2S_H2O,5.0,SCCUU+5P-H2S-H2O,1510.147933,1510.1479,1511.1557579999999,1511.1558,XCCUU+5P
S,2,0,0,2,0,4,_H2S_H2O,5.0,SAASS+4P-H2S-H2O,1510.15838,1510.1584,1511.166205,1511.1662,XAASS+4P
S,1,0,1,1,1,4,_H2S_H2O,5.0,SAGSU+4P-H2S-H2O,1510.176138,1510.1761,1511.183963,1511.184,XAGSU+4P
S,0,0,2,0,2,4,_H2S_H2O,5.0,SGGUU+4P-H2S-H2O,1510.193896,1510.1939,1511.201721,1511.2017,XGGUU+4P
S,1,2,1,0,0,4,_H2S,5.0,SACCG+4P-H2S,1510.241514,1510.2415,1511.249339,1511.2493,XACCG+4P
S,0,1,0,0,3,5,_H2S_H2O,5.0,SCUUU+5P-H2S-H2O,1511.131949,1511.1319,1512.139774,1512.1398,XCUUU+5P
S,2,1,0,1,0,4,_H2S,5.0,SAACS+4P-H2S,1511.207772,1511.2078,1512.215597,1512.2156,XAACS+4P
S,1,1,1,0,1,4,_H2S,5.0,SACGU+4P-H2S,1511.22553,1511.2255,1512.2333549999998,1512.2334,XACGU+4P
S,0,0,0,0,4,5,_H2S_H2O,5.0,SUUUU+5P-H2S-H2O,1512.115965,1512.116,1513.1237899999999,1513.1238,XUUUU+5P
S,2,0,0,1,1,4,_H2S,5.0,SAASU+4P-H2S,1512.191788,1512.1918,1513.199613,1513.1996,XAASU+4P
S,1,0,1,0,2,4,_H2S,5.0,SAGUU+4P-H2S,1512.209546,1512.2095,1513.217371,1513.2174,XAGUU+4P
S,0,0,0,4,0,4,_H2S,5.0,SSSSS+4P-H2S,1514.068825,1514.0688,1515.07665,1515.0766,XSSSS+4P
S,2,1,1,0,0,4,_H2S_H2O,5.0,SAACG+4P-H2S-H2O,1516.242182,1516.2422,1517.2500069999999,1517.25,XAACG+4P
S,3,0,0,1,0,4,_H2S_H2O,5.0,SAAAS+4P-H2S-H2O,1517.20844,1517.2084,1518.216265,1518.2163,XAAAS+4P
S,2,0,1,0,1,4,_H2S_H2O,5.0,SAAGU+4P-H2S-H2O,1517.226198,1517.2262,1518.234023,1518.234,XAAGU+4P
S,3,1,0,0,0,4,_H2S,5.0,SAAAC+4P-H2S,1518.257832,1518.2578,1519.265657,1519.2657,XAAAC+4P
S,0,0,1,3,0,4,_H2S_H2O,5.0,SGSSS+4P-H2S-H2O,1519.103235,1519.1032,1520.11106,1520.1111,XGSSS+4P
S,3,0,0,0,1,4,_H2S,5.0,SAAAU+4P-H2S,1519.241848,1519.2418,1520.2496729999998,1520.2497,XAAAU+4P
S,0,1,1,2,0,4,_H2S,5.0,SCGSS+4P-H2S,1520.152627,1520.1526,1521.1604519999999,1521.1605,XCGSS+4P
S,1,0,0,3,0,4,_H2S,5.0,SASSS+4P-H2S,1521.118885,1521.1189,1522.12671,1522.1267,XASSS+4P
S,0,0,1,2,1,4,_H2S,5.0,SGSSU+4P-H2S,1521.136643,1521.1366,1522.144468,1522.1445,XGSSU+4P
S,4,0,0,0,0,4,_H2S_H2O,5.0,SAAAA+4P-H2S-H2O,1524.2585,1524.2585,1525.2663249999998,1525.2663,XAAAA+4P
S,0,3,0,1,0,5,_H2S_H2O,5.0,SCCCS+5P-H2S-H2O,1525.141074,1525.1411,1526.1488989999998,1526.1489,XCCCS+5P
S,0,1,2,1,0,4,_H2S_H2O,5.0,SCGGS+4P-H2S-H2O,1525.187037,1525.187,1526.1948619999998,1526.1949,XCGGS+4P
S,0,2,0,1,1,5,_H2S_H2O,5.0,SCCSU+5P-H2S-H2O,1526.12509,1526.1251,1527.132915,1527.1329,XCCSU+5P
S,1,0,1,2,0,4,_H2S_H2O,5.0,SAGSS+4P-H2S-H2O,1526.153295,1526.1533,1527.16112,1527.1611,XAGSS+4P
S,0,0,2,1,1,4,_H2S_H2O,5.0,SGGSU+4P-H2S-H2O,1526.171053,1526.1711,1527.178878,1527.1789,XGGSU+4P
S,0,4,0,0,0,5,_H2S,5.0,SCCCC+5P-H2S,1526.190466,1526.1905,1527.198291,1527.1983,XCCCC+5P
S,0,2,2,0,0,4,_H2S,5.0,SCCGG+4P-H2S,1526.236429,1526.2364,1527.244254,1527.2443,XCCGG+4P
S,0,1,0,1,2,5,_H2S_H2O,5.0,SCSUU+5P-H2S-H2O,1527.109106,1527.1091,1528.116931,1528.1169,XCSUU+5P
S,0,3,0,0,1,5,_H2S,5.0,SCCCU+5P-H2S,1527.174482,1527.1745,1528.1823069999998,1528.1823,XCCCU+5P
S,1,1,1,1,0,4,_H2S,5.0,SACGS+4P-H2S,1527.202687,1527.2027,1528.2105119999999,1528.2105,XACGS+4P
S,0,1,2,0,1,4,_H2S,5.0,SCGGU+4P-H2S,1527.220445,1527.2204,1528.2282699999998,1528.2283,XCGGU+4P
S,0,0,0,1,3,5,_H2S_H2O,5.0,SSUUU+5P-H2S-H2O,1528.093122,1528.0931,1529.100947,1529.1009,XSUUU+5P
S,0,2,0,0,2,5,_H2S,5.0,SCCUU+5P-H2S,1528.158498,1528.1585,1529.166323,1529.1663,XCCUU+5P
S,2,0,0,2,0,4,_H2S,5.0,SAASS+4P-H2S,1528.168945,1528.1689,1529.1767699999998,1529.1768,XAASS+4P
S,1,0,1,1,1,4,_H2S,5.0,SAGSU+4P-H2S,1528.186703,1528.1867,1529.194528,1529.1945,XAGSU+4P
S,0,0,2,0,2,4,_H2S,5.0,SGGUU+4P-H2S,1528.204461,1528.2045,1529.212286,1529.2123,XGGUU+4P
S,0,1,0,0,3,5,_H2S,5.0,SCUUU+5P-H2S,1529.142514,1529.1425,1530.1503389999998,1530.1503,XCUUU+5P
S,0,0,0,0,4,5,_H2S,5.0,SUUUU+5P-H2S,1530.12653,1530.1265,1531.134355,1531.1344,XUUUU+5P
S,1,3,0,0,0,5,_H2S_H2O,5.0,SACCC+5P-H2S-H2O,1532.191134,1532.1911,1533.1989589999998,1533.199,XACCC+5P
S,1,1,2,0,0,4,_H2S_H2O,5.0,SACGG+4P-H2S-H2O,1532.237097,1532.2371,1533.2449219999999,1533.2449,XACGG+4P
S,1,2,0,0,1,5,_H2S_H2O,5.0,SACCU+5P-H2S-H2O,1533.17515,1533.1752,1534.182975,1534.183,XACCU+5P
S,2,0,1,1,0,4,_H2S_H2O,5.0,SAAGS+4P-H2S-H2O,1533.203355,1533.2034,1534.21118,1534.2112,XAAGS+4P
S,1,0,2,0,1,4,_H2S_H2O,5.0,SAGGU+4P-H2S-H2O,1533.221113,1533.2211,1534.228938,1534.2289,XAGGU+4P
S,1,1,0,0,2,5,_H2S_H2O,5.0,SACUU+5P-H2S-H2O,1534.159166,1534.1592,1535.1669909999998,1535.167,XACUU+5P
S,2,1,1,0,0,4,_H2S,5.0,SAACG+4P-H2S,1534.252747,1534.2527,1535.260572,1535.2606,XAACG+4P
S,1,0,0,0,3,5,_H2S_H2O,5.0,SAUUU+5P-H2S-H2O,1535.143182,1535.1432,1536.151007,1536.151,XAUUU+5P
S,3,0,0,1,0,4,_H2S,5.0,SAAAS+4P-H2S,1535.219005,1535.219,1536.2268299999998,1536.2268,XAAAS+4P
S,2,0,1,0,1,4,_H2S,5.0,SAAGU+4P-H2S,1535.236763,1535.2368,1536.244588,1536.2446,XAAGU+4P
S,0,0,1,3,0,4,_H2S,5.0,SGSSS+4P-H2S,1537.1138,1537.1138,1538.121625,1538.1216,XGSSS+4P
S,3,0,1,0,0,4,_H2S_H2O,5.0,SAAAG+4P-H2S-H2O,1540.253415,1540.2534,1541.2612399999998,1541.2612,XAAAG+4P
S,0,2,0,2,0,5,_H2S_H2O,5.0,SCCSS+5P-H2S-H2O,1542.102247,1542.1022,1543.110072,1543.1101,XCCSS+5P
S,0,0,2,2,0,4,_H2S_H2O,5.0,SGGSS+4P-H2S-H2O,1542.14821,1542.1482,1543.156035,1543.156,XGGSS+4P
S,4,0,0,0,0,4,_H2S,5.0,SAAAA+4P-H2S,1542.269065,1542.2691,1543.2768899999999,1543.2769,XAAAA+4P
S,0,1,0,2,1,5,_H2S_H2O,5.0,SCSSU+5P-H2S-H2O,1543.086263,1543.0863,1544.0940879999998,1544.0941,XCSSU+5P
S,0,3,0,1,0,5,_H2S,5.0,SCCCS+5P-H2S,1543.151639,1543.1516,1544.1594639999998,1544.1595,XCCCS+5P
S,0,1,2,1,0,4,_H2S,5.0,SCGGS+4P-H2S,1543.197602,1543.1976,1544.2054269999999,1544.2054,XCGGS+4P
S,0,0,0,2,2,5,_H2S_H2O,5.0,SSSUU+5P-H2S-H2O,1544.070279,1544.0703,1545.078104,1545.0781,XSSUU+5P
S,0,2,0,1,1,5,_H2S,5.0,SCCSU+5P-H2S,1544.135655,1544.1357,1545.14348,1545.1435,XCCSU+5P
S,1,0,1,2,0,4,_H2S,5.0,SAGSS+4P-H2S,1544.16386,1544.1639,1545.171685,1545.1717,XAGSS+4P
S,0,0,2,1,1,4,_H2S,5.0,SGGSU+4P-H2S,1544.181618,1544.1816,1545.189443,1545.1894,XGGSU+4P
S,0,1,0,1,2,5,_H2S,5.0,SCSUU+5P-H2S,1545.119671,1545.1197,1546.1274959999998,1546.1275,XCSUU+5P
S,0,0,0,1,3,5,_H2S,5.0,SSUUU+5P-H2S,1546.103687,1546.1037,1547.111512,1547.1115,XSUUU+5P
S,0,3,1,0,0,5,_H2S_H2O,5.0,SCCCG+5P-H2S-H2O,1548.186049,1548.186,1549.1938739999998,1549.1939,XCCCG+5P
S,0,1,3,0,0,4,_H2S_H2O,5.0,SCGGG+4P-H2S-H2O,1548.232012,1548.232,1549.2398369999999,1549.2398,XCGGG+4P
S,1,2,0,1,0,5,_H2S_H2O,5.0,SACCS+5P-H2S-H2O,1549.152307,1549.1523,1550.160132,1550.1601,XACCS+5P
S,0,2,1,0,1,5,_H2S_H2O,5.0,SCCGU+5P-H2S-H2O,1549.170065,1549.1701,1550.17789,1550.1779,XCCGU+5P
S,1,0,2,1,0,4,_H2S_H2O,5.0,SAGGS+4P-H2S-H2O,1549.19827,1549.1983,1550.206095,1550.2061,XAGGS+4P
S,0,0,3,0,1,4,_H2S_H2O,5.0,SGGGU+4P-H2S-H2O,1549.216028,1549.216,1550.223853,1550.2239,XGGGU+4P
S,1,1,0,1,1,5,_H2S_H2O,5.0,SACSU+5P-H2S-H2O,1550.136323,1550.1363,1551.1441479999999,1551.1441,XACSU+5P
S,0,1,1,0,2,5,_H2S_H2O,5.0,SCGUU+5P-H2S-H2O,1550.154081,1550.1541,1551.1619059999998,1551.1619,XCGUU+5P
S,1,3,0,0,0,5,_H2S,5.0,SACCC+5P-H2S,1550.201699,1550.2017,1551.2095239999999,1551.2095,XACCC+5P
S,1,1,2,0,0,4,_H2S,5.0,SACGG+4P-H2S,1550.247662,1550.2477,1551.255487,1551.2555,XACGG+4P
S,1,0,0,1,2,5,_H2S_H2O,5.0,SASUU+5P-H2S-H2O,1551.120339,1551.1203,1552.128164,1552.1282,XASUU+5P
S,0,0,1,0,3,5,_H2S_H2O,5.0,SGUUU+5P-H2S-H2O,1551.138097,1551.1381,1552.145922,1552.1459,XGUUU+5P
S,1,2,0,0,1,5,_H2S,5.0,SACCU+5P-H2S,1551.185715,1551.1857,1552.19354,1552.1935,XACCU+5P
S,2,0,1,1,0,4,_H2S,5.0,SAAGS+4P-H2S,1551.21392,1551.2139,1552.2217449999998,1552.2217,XAAGS+4P
S,1,0,2,0,1,4,_H2S,5.0,SAGGU+4P-H2S,1551.231678,1551.2317,1552.239503,1552.2395,XAGGU+4P
S,1,1,0,0,2,5,_H2S,5.0,SACUU+5P-H2S,1552.169731,1552.1697,1553.1775559999999,1553.1776,XACUU+5P
S,1,0,0,0,3,5,_H2S,5.0,SAUUU+5P-H2S,1553.153747,1553.1537,1554.161572,1554.1616,XAUUU+5P
S,2,2,0,0,0,5,_H2S_H2O,5.0,SAACC+5P-H2S-H2O,1556.202367,1556.2024,1557.210192,1557.2102,XAACC+5P
S,2,0,2,0,0,4,_H2S_H2O,5.0,SAAGG+4P-H2S-H2O,1556.24833,1556.2483,1557.2561549999998,1557.2562,XAAGG+4P
S,2,1,0,0,1,5,_H2S_H2O,5.0,SAACU+5P-H2S-H2O,1557.186383,1557.1864,1558.194208,1558.1942,XAACU+5P
S,2,0,0,0,2,5,_H2S_H2O,5.0,SAAUU+5P-H2S-H2O,1558.170399,1558.1704,1559.178224,1559.1782,XAAUU+5P
S,3,0,1,0,0,4,_H2S,5.0,SAAAG+4P-H2S,1558.26398,1558.264,1559.2718049999999,1559.2718,XAAAG+4P
S,0,1,0,3,0,5,_H2S_H2O,5.0,SCSSS+5P-H2S-H2O,1559.06342,1559.0634,1560.0712449999999,1560.0712,XCSSS+5P
S,0,0,0,3,1,5,_H2S_H2O,5.0,SSSSU+5P-H2S-H2O,1560.047436,1560.0474,1561.055261,1561.0553,XSSSU+5P
S,0,2,0,2,0,5,_H2S,5.0,SCCSS+5P-H2S,1560.112812,1560.1128,1561.120637,1561.1206,XCCSS+5P
S,0,0,2,2,0,4,_H2S,5.0,SGGSS+4P-H2S,1560.158775,1560.1588,1561.1666,1561.1666,XGGSS+4P
S,0,1,0,2,1,5,_H2S,5.0,SCSSU+5P-H2S,1561.096828,1561.0968,1562.1046529999999,1562.1047,XCSSU+5P
S,0,0,0,2,2,5,_H2S,5.0,SSSUU+5P-H2S,1562.080844,1562.0808,1563.088669,1563.0887,XSSUU+5P
S,0,2,1,1,0,5,_H2S_H2O,5.0,SCCGS+5P-H2S-H2O,1565.147222,1565.1472,1566.155047,1566.155,XCCGS+5P
S,0,0,3,1,0,4,_H2S_H2O,5.0,SGGGS+4P-H2S-H2O,1565.193185,1565.1932,1566.20101,1566.201,XGGGS+4P
S,1,1,0,2,0,5,_H2S_H2O,5.0,SACSS+5P-H2S-H2O,1566.11348,1566.1135,1567.121305,1567.1213,XACSS+5P
S,0,1,1,1,1,5,_H2S_H2O,5.0,SCGSU+5P-H2S-H2O,1566.131238,1566.1312,1567.1390629999999,1567.1391,XCGSU+5P
S,0,3,1,0,0,5,_H2S,5.0,SCCCG+5P-H2S,1566.196614,1566.1966,1567.2044389999999,1567.2044,XCCCG+5P
S,0,1,3,0,0,4,_H2S,5.0,SCGGG+4P-H2S,1566.242577,1566.2426,1567.250402,1567.2504,XCGGG+4P
S,1,0,0,2,1,5,_H2S_H2O,5.0,SASSU+5P-H2S-H2O,1567.097496,1567.0975,1568.105321,1568.1053,XASSU+5P
S,0,0,1,1,2,5,_H2S_H2O,5.0,SGSUU+5P-H2S-H2O,1567.115254,1567.1153,1568.123079,1568.1231,XGSUU+5P
S,1,2,0,1,0,5,_H2S,5.0,SACCS+5P-H2S,1567.162872,1567.1629,1568.170697,1568.1707,XACCS+5P
S,0,2,1,0,1,5,_H2S,5.0,SCCGU+5P-H2S,1567.18063,1567.1806,1568.188455,1568.1885,XCCGU+5P
S,1,0,2,1,0,4,_H2S,5.0,SAGGS+4P-H2S,1567.208835,1567.2088,1568.2166599999998,1568.2167,XAGGS+4P
S,0,0,3,0,1,4,_H2S,5.0,SGGGU+4P-H2S,1567.226593,1567.2266,1568.234418,1568.2344,XGGGU+4P
S,1,1,0,1,1,5,_H2S,5.0,SACSU+5P-H2S,1568.146888,1568.1469,1569.154713,1569.1547,XACSU+5P
S,0,1,1,0,2,5,_H2S,5.0,SCGUU+5P-H2S,1568.164646,1568.1646,1569.1724709999999,1569.1725,XCGUU+5P
S,1,0,0,1,2,5,_H2S,5.0,SASUU+5P-H2S,1569.130904,1569.1309,1570.138729,1570.1387,XASUU+5P
S,0,0,1,0,3,5,_H2S,5.0,SGUUU+5P-H2S,1569.148662,1569.1487,1570.156487,1570.1565,XGUUU+5P
S,1,2,1,0,0,5,_H2S_H2O,5.0,SACCG+5P-H2S-H2O,1572.197282,1572.1973,1573.205107,1573.2051,XACCG+5P
S,1,0,3,0,0,4,_H2S_H2O,5.0,SAGGG+4P-H2S-H2O,1572.243245,1572.2432,1573.2510699999998,1573.2511,XAGGG+4P
S,2,1,0,1,0,5,_H2S_H2O,5.0,SAACS+5P-H2S-H2O,1573.16354,1573.1635,1574.171365,1574.1714,XAACS+5P
S,1,1,1,0,1,5,_H2S_H2O,5.0,SACGU+5P-H2S-H2O,1573.181298,1573.1813,1574.1891229999999,1574.1891,XACGU+5P
S,2,0,0,1,1,5,_H2S_H2O,5.0,SAASU+5P-H2S-H2O,1574.147556,1574.1476,1575.1553809999998,1575.1554,XAASU+5P
S,1,0,1,0,2,5,_H2S_H2O,5.0,SAGUU+5P-H2S-H2O,1574.165314,1574.1653,1575.173139,1575.1731,XAGUU+5P
S,2,2,0,0,0,5,_H2S,5.0,SAACC+5P-H2S,1574.212932,1574.2129,1575.2207569999998,1575.2208,XAACC+5P
S,2,0,2,0,0,4,_H2S,5.0,SAAGG+4P-H2S,1574.258895,1574.2589,1575.2667199999999,1575.2667,XAAGG+4P
S,2,1,0,0,1,5,_H2S,5.0,SAACU+5P-H2S,1575.196948,1575.1969,1576.204773,1576.2048,XAACU+5P
S,0,0,0,4,0,5,_H2S_H2O,5.0,SSSSS+5P-H2S-H2O,1576.024593,1576.0246,1577.032418,1577.0324,XSSSS+5P
S,2,0,0,0,2,5,_H2S,5.0,SAAUU+5P-H2S,1576.180964,1576.181,1577.1887889999998,1577.1888,XAAUU+5P
S,0,1,0,3,0,5,_H2S,5.0,SCSSS+5P-H2S,1577.073985,1577.074,1578.08181,1578.0818,XCSSS+5P
S,0,0,0,3,1,5,_H2S,5.0,SSSSU+5P-H2S,1578.058001,1578.058,1579.065826,1579.0658,XSSSU+5P
S,3,1,0,0,0,5,_H2S_H2O,5.0,SAAAC+5P-H2S-H2O,1580.2136,1580.2136,1581.221425,1581.2214,XAAAC+5P
S,3,0,0,0,1,5,_H2S_H2O,5.0,SAAAU+5P-H2S-H2O,1581.197616,1581.1976,1582.2054409999998,1582.2054,XAAAU+5P
S,0,1,1,2,0,5,_H2S_H2O,5.0,SCGSS+5P-H2S-H2O,1582.108395,1582.1084,1583.1162199999999,1583.1162,XCGSS+5P
S,1,0,0,3,0,5,_H2S_H2O,5.0,SASSS+5P-H2S-H2O,1583.074653,1583.0747,1584.0824779999998,1584.0825,XASSS+5P
S,0,0,1,2,1,5,_H2S_H2O,5.0,SGSSU+5P-H2S-H2O,1583.092411,1583.0924,1584.100236,1584.1002,XGSSU+5P
S,0,2,1,1,0,5,_H2S,5.0,SCCGS+5P-H2S,1583.157787,1583.1578,1584.165612,1584.1656,XCCGS+5P
S,0,0,3,1,0,4,_H2S,5.0,SGGGS+4P-H2S,1583.20375,1583.2038,1584.2115749999998,1584.2116,XGGGS+4P
S,1,1,0,2,0,5,_H2S,5.0,SACSS+5P-H2S,1584.124045,1584.124,1585.13187,1585.1319,XACSS+5P
S,0,1,1,1,1,5,_H2S,5.0,SCGSU+5P-H2S,1584.141803,1584.1418,1585.149628,1585.1496,XCGSU+5P
S,1,0,0,2,1,5,_H2S,5.0,SASSU+5P-H2S,1585.108061,1585.1081,1586.1158859999998,1586.1159,XASSU+5P
S,0,0,1,1,2,5,_H2S,5.0,SGSUU+5P-H2S,1585.125819,1585.1258,1586.133644,1586.1336,XGSUU+5P
S,0,4,0,0,0,6,_H2S_H2O,5.0,SCCCC+6P-H2S-H2O,1588.146234,1588.1462,1589.154059,1589.1541,XCCCC+6P
S,0,2,2,0,0,5,_H2S_H2O,5.0,SCCGG+5P-H2S-H2O,1588.192197,1588.1922,1589.200022,1589.2,XCCGG+5P
S,0,0,4,0,0,4,_H2S_H2O,5.0,SGGGG+4P-H2S-H2O,1588.23816,1588.2382,1589.245985,1589.246,XGGGG+4P
S,0,3,0,0,1,6,_H2S_H2O,5.0,SCCCU+6P-H2S-H2O,1589.13025,1589.1302,1590.1380749999998,1590.1381,XCCCU+6P
S,1,1,1,1,0,5,_H2S_H2O,5.0,SACGS+5P-H2S-H2O,1589.158455,1589.1585,1590.16628,1590.1663,XACGS+5P
S,0,1,2,0,1,5,_H2S_H2O,5.0,SCGGU+5P-H2S-H2O,1589.176213,1589.1762,1590.1840379999999,1590.184,XCGGU+5P
S,0,2,0,0,2,6,_H2S_H2O,5.0,SCCUU+6P-H2S-H2O,1590.114266,1590.1143,1591.122091,1591.1221,XCCUU+6P
S,2,0,0,2,0,5,_H2S_H2O,5.0,SAASS+5P-H2S-H2O,1590.124713,1590.1247,1591.1325379999998,1591.1325,XAASS+5P
S,1,0,1,1,1,5,_H2S_H2O,5.0,SAGSU+5P-H2S-H2O,1590.142471,1590.1425,1591.1502959999998,1591.1503,XAGSU+5P
S,0,0,2,0,2,5,_H2S_H2O,5.0,SGGUU+5P-H2S-H2O,1590.160229,1590.1602,1591.168054,1591.1681,XGGUU+5P
S,1,2,1,0,0,5,_H2S,5.0,SACCG+5P-H2S,1590.207847,1590.2078,1591.2156719999998,1591.2157,XACCG+5P
S,1,0,3,0,0,4,_H2S,5.0,SAGGG+4P-H2S,1590.25381,1590.2538,1591.2616349999998,1591.2616,XAGGG+4P
S,0,1,0,0,3,6,_H2S_H2O,5.0,SCUUU+6P-H2S-H2O,1591.098282,1591.0983,1592.1061069999998,1592.1061,XCUUU+6P
S,2,1,0,1,0,5,_H2S,5.0,SAACS+5P-H2S,1591.174105,1591.1741,1592.18193,1592.1819,XAACS+5P
S,1,1,1,0,1,5,_H2S,5.0,SACGU+5P-H2S,1591.191863,1591.1919,1592.199688,1592.1997,XACGU+5P
S,0,0,0,0,4,6,_H2S_H2O,5.0,SUUUU+6P-H2S-H2O,1592.082298,1592.0823,1593.090123,1593.0901,XUUUU+6P
S,2,0,0,1,1,5,_H2S,5.0,SAASU+5P-H2S,1592.158121,1592.1581,1593.1659459999998,1593.1659,XAASU+5P
S,1,0,1,0,2,5,_H2S,5.0,SAGUU+5P-H2S,1592.175879,1592.1759,1593.1837039999998,1593.1837,XAGUU+5P
S,0,0,0,4,0,5,_H2S,5.0,SSSSS+5P-H2S,1594.035158,1594.0352,1595.0429829999998,1595.043,XSSSS+5P
S,2,1,1,0,0,5,_H2S_H2O,5.0,SAACG+5P-H2S-H2O,1596.208515,1596.2085,1597.21634,1597.2163,XAACG+5P
S,3,0,0,1,0,5,_H2S_H2O,5.0,SAAAS+5P-H2S-H2O,1597.174773,1597.1748,1598.1825979999999,1598.1826,XAAAS+5P
S,2,0,1,0,1,5,_H2S_H2O,5.0,SAAGU+5P-H2S-H2O,1597.192531,1597.1925,1598.2003559999998,1598.2004,XAAGU+5P
S,3,1,0,0,0,5,_H2S,5.0,SAAAC+5P-H2S,1598.224165,1598.2242,1599.23199,1599.232,XAAAC+5P
S,0,0,1,3,0,5,_H2S_H2O,5.0,SGSSS+5P-H2S-H2O,1599.069568,1599.0696,1600.0773929999998,1600.0774,XGSSS+5P
S,3,0,0,0,1,5,_H2S,5.0,SAAAU+5P-H2S,1599.208181,1599.2082,1600.2160059999999,1600.216,XAAAU+5P
S,0,1,1,2,0,5,_H2S,5.0,SCGSS+5P-H2S,1600.11896,1600.119,1601.126785,1601.1268,XCGSS+5P
S,1,0,0,3,0,5,_H2S,5.0,SASSS+5P-H2S,1601.085218,1601.0852,1602.0930429999999,1602.093,XASSS+5P
S,0,0,1,2,1,5,_H2S,5.0,SGSSU+5P-H2S,1601.102976,1601.103,1602.1108009999998,1602.1108,XGSSU+5P
S,4,0,0,0,0,5,_H2S_H2O,5.0,SAAAA+5P-H2S-H2O,1604.224833,1604.2248,1605.232658,1605.2327,XAAAA+5P
S,0,3,0,1,0,6,_H2S_H2O,5.0,SCCCS+6P-H2S-H2O,1605.107407,1605.1074,1606.1152319999999,1606.1152,XCCCS+6P
S,0,1,2,1,0,5,_H2S_H2O,5.0,SCGGS+5P-H2S-H2O,1605.15337,1605.1534,1606.161195,1606.1612,XCGGS+5P
S,0,2,0,1,1,6,_H2S_H2O,5.0,SCCSU+6P-H2S-H2O,1606.091423,1606.0914,1607.099248,1607.0992,XCCSU+6P
S,1,0,1,2,0,5,_H2S_H2O,5.0,SAGSS+5P-H2S-H2O,1606.119628,1606.1196,1607.1274529999998,1607.1275,XAGSS+5P
S,0,0,2,1,1,5,_H2S_H2O,5.0,SGGSU+5P-H2S-H2O,1606.137386,1606.1374,1607.145211,1607.1452,XGGSU+5P
S,0,4,0,0,0,6,_H2S,5.0,SCCCC+6P-H2S,1606.156799,1606.1568,1607.164624,1607.1646,XCCCC+6P
S,0,2,2,0,0,5,_H2S,5.0,SCCGG+5P-H2S,1606.202762,1606.2028,1607.2105869999998,1607.2106,XCCGG+5P
S,0,0,4,0,0,4,_H2S,5.0,SGGGG+4P-H2S,1606.248725,1606.2487,1607.2565499999998,1607.2565,XGGGG+4P
S,0,1,0,1,2,6,_H2S_H2O,5.0,SCSUU+6P-H2S-H2O,1607.075439,1607.0754,1608.0832639999999,1608.0833,XCSUU+6P
S,0,3,0,0,1,6,_H2S,5.0,SCCCU+6P-H2S,1607.140815,1607.1408,1608.14864,1608.1486,XCCCU+6P
S,1,1,1,1,0,5,_H2S,5.0,SACGS+5P-H2S,1607.16902,1607.169,1608.176845,1608.1768,XACGS+5P
S,0,1,2,0,1,5,_H2S,5.0,SCGGU+5P-H2S,1607.186778,1607.1868,1608.194603,1608.1946,XCGGU+5P
S,0,0,0,1,3,6,_H2S_H2O,5.0,SSUUU+6P-H2S-H2O,1608.059455,1608.0595,1609.06728,1609.0673,XSUUU+6P
S,0,2,0,0,2,6,_H2S,5.0,SCCUU+6P-H2S,1608.124831,1608.1248,1609.132656,1609.1327,XCCUU+6P
S,2,0,0,2,0,5,_H2S,5.0,SAASS+5P-H2S,1608.135278,1608.1353,1609.1431029999999,1609.1431,XAASS+5P
S,1,0,1,1,1,5,_H2S,5.0,SAGSU+5P-H2S,1608.153036,1608.153,1609.1608609999998,1609.1609,XAGSU+5P
S,0,0,2,0,2,5,_H2S,5.0,SGGUU+5P-H2S,1608.170794,1608.1708,1609.1786189999998,1609.1786,XGGUU+5P
S,0,1,0,0,3,6,_H2S,5.0,SCUUU+6P-H2S,1609.108847,1609.1088,1610.1166719999999,1610.1167,XCUUU+6P
S,0,0,0,0,4,6,_H2S,5.0,SUUUU+6P-H2S,1610.092863,1610.0929,1611.100688,1611.1007,XUUUU+6P
S,1,3,0,0,0,6,_H2S_H2O,5.0,SACCC+6P-H2S-H2O,1612.157467,1612.1575,1613.165292,1613.1653,XACCC+6P
S,1,1,2,0,0,5,_H2S_H2O,5.0,SACGG+5P-H2S-H2O,1612.20343,1612.2034,1613.211255,1613.2113,XACGG+5P
S,1,2,0,0,1,6,_H2S_H2O,5.0,SACCU+6P-H2S-H2O,1613.141483,1613.1415,1614.149308,1614.1493,XACCU+6P
S,2,0,1,1,0,5,_H2S_H2O,5.0,SAAGS+5P-H2S-H2O,1613.169688,1613.1697,1614.1775129999999,1614.1775,XAAGS+5P
S,1,0,2,0,1,5,_H2S_H2O,5.0,SAGGU+5P-H2S-H2O,1613.187446,1613.1874,1614.1952709999998,1614.1953,XAGGU+5P
S,1,1,0,0,2,6,_H2S_H2O,5.0,SACUU+6P-H2S-H2O,1614.125499,1614.1255,1615.133324,1615.1333,XACUU+6P
S,2,1,1,0,0,5,_H2S,5.0,SAACG+5P-H2S,1614.21908,1614.2191,1615.226905,1615.2269,XAACG+5P
S,1,0,0,0,3,6,_H2S_H2O,5.0,SAUUU+6P-H2S-H2O,1615.109515,1615.1095,1616.11734,1616.1173,XAUUU+6P
S,3,0,0,1,0,5,_H2S,5.0,SAAAS+5P-H2S,1615.185338,1615.1853,1616.193163,1616.1932,XAAAS+5P
S,2,0,1,0,1,5,_H2S,5.0,SAAGU+5P-H2S,1615.203096,1615.2031,1616.2109209999999,1616.2109,XAAGU+5P
S,0,0,1,3,0,5,_H2S,5.0,SGSSS+5P-H2S,1617.080133,1617.0801,1618.0879579999998,1618.088,XGSSS+5P
S,3,0,1,0,0,5,_H2S_H2O,5.0,SAAAG+5P-H2S-H2O,1620.219748,1620.2197,1621.227573,1621.2276,XAAAG+5P
S,0,2,0,2,0,6,_H2S_H2O,5.0,SCCSS+6P-H2S-H2O,1622.06858,1622.0686,1623.076405,1623.0764,XCCSS+6P
S,0,0,2,2,0,5,_H2S_H2O,5.0,SGGSS+5P-H2S-H2O,1622.114543,1622.1145,1623.1223679999998,1623.1224,XGGSS+5P
S,4,0,0,0,0,5,_H2S,5.0,SAAAA+5P-H2S,1622.235398,1622.2354,1623.243223,1623.2432,XAAAA+5P
S,0,1,0,2,1,6,_H2S_H2O,5.0,SCSSU+6P-H2S-H2O,1623.052596,1623.0526,1624.060421,1624.0604,XCSSU+6P
S,0,3,0,1,0,6,_H2S,5.0,SCCCS+6P-H2S,1623.117972,1623.118,1624.125797,1624.1258,XCCCS+6P
S,0,1,2,1,0,5,_H2S,5.0,SCGGS+5P-H2S,1623.163935,1623.1639,1624.17176,1624.1718,XCGGS+5P
S,0,0,0,2,2,6,_H2S_H2O,5.0,SSSUU+6P-H2S-H2O,1624.036612,1624.0366,1625.044437,1625.0444,XSSUU+6P
S,0,2,0,1,1,6,_H2S,5.0,SCCSU+6P-H2S,1624.101988,1624.102,1625.1098129999998,1625.1098,XCCSU+6P
S,1,0,1,2,0,5,_H2S,5.0,SAGSS+5P-H2S,1624.130193,1624.1302,1625.1380179999999,1625.138,XAGSS+5P
S,0,0,2,1,1,5,_H2S,5.0,SGGSU+5P-H2S,1624.147951,1624.148,1625.1557759999998,1625.1558,XGGSU+5P
S,0,1,0,1,2,6,_H2S,5.0,SCSUU+6P-H2S,1625.086004,1625.086,1626.093829,1626.0938,XCSUU+6P
S,0,0,0,1,3,6,_H2S,5.0,SSUUU+6P-H2S,1626.07002,1626.07,1627.077845,1627.0778,XSUUU+6P
S,0,3,1,0,0,6,_H2S_H2O,5.0,SCCCG+6P-H2S-H2O,1628.152382,1628.1524,1629.160207,1629.1602,XCCCG+6P
S,0,1,3,0,0,5,_H2S_H2O,5.0,SCGGG+5P-H2S-H2O,1628.198345,1628.1983,1629.20617,1629.2062,XCGGG+5P
S,1,2,0,1,0,6,_H2S_H2O,5.0,SACCS+6P-H2S-H2O,1629.11864,1629.1186,1630.1264649999998,1630.1265,XACCS+6P
S,0,2,1,0,1,6,_H2S_H2O,5.0,SCCGU+6P-H2S-H2O,1629.136398,1629.1364,1630.144223,1630.1442,XCCGU+6P
S,1,0,2,1,0,5,_H2S_H2O,5.0,SAGGS+5P-H2S-H2O,1629.164603,1629.1646,1630.1724279999999,1630.1724,XAGGS+5P
S,0,0,3,0,1,5,_H2S_H2O,5.0,SGGGU+5P-H2S-H2O,1629.182361,1629.1824,1630.1901859999998,1630.1902,XGGGU+5P
S,1,1,0,1,1,6,_H2S_H2O,5.0,SACSU+6P-H2S-H2O,1630.102656,1630.1027,1631.110481,1631.1105,XACSU+6P
S,0,1,1,0,2,6,_H2S_H2O,5.0,SCGUU+6P-H2S-H2O,1630.120414,1630.1204,1631.128239,1631.1282,XCGUU+6P
S,1,3,0,0,0,6,_H2S,5.0,SACCC+6P-H2S,1630.168032,1630.168,1631.175857,1631.1759,XACCC+6P
S,1,1,2,0,0,5,_H2S,5.0,SACGG+5P-H2S,1630.213995,1630.214,1631.22182,1631.2218,XACGG+5P
S,1,0,0,1,2,6,_H2S_H2O,5.0,SASUU+6P-H2S-H2O,1631.086672,1631.0867,1632.0944969999998,1632.0945,XASUU+6P
S,0,0,1,0,3,6,_H2S_H2O,5.0,SGUUU+6P-H2S-H2O,1631.10443,1631.1044,1632.112255,1632.1123,XGUUU+6P
S,1,2,0,0,1,6,_H2S,5.0,SACCU+6P-H2S,1631.152048,1631.152,1632.1598729999998,1632.1599,XACCU+6P
S,2,0,1,1,0,5,_H2S,5.0,SAAGS+5P-H2S,1631.180253,1631.1803,1632.188078,1632.1881,XAAGS+5P
S,1,0,2,0,1,5,_H2S,5.0,SAGGU+5P-H2S,1631.198011,1631.198,1632.2058359999999,1632.2058,XAGGU+5P
S,1,1,0,0,2,6,_H2S,5.0,SACUU+6P-H2S,1632.136064,1632.1361,1633.143889,1633.1439,XACUU+6P
S,1,0,0,0,3,6,_H2S,5.0,SAUUU+6P-H2S,1633.12008,1633.1201,1634.1279049999998,1634.1279,XAUUU+6P
S,2,2,0,0,0,6,_H2S_H2O,5.0,SAACC+6P-H2S-H2O,1636.1687,1636.1687,1637.1765249999999,1637.1765,XAACC+6P
S,2,0,2,0,0,5,_H2S_H2O,5.0,SAAGG+5P-H2S-H2O,1636.214663,1636.2147,1637.2224879999999,1637.2225,XAAGG+5P
S,2,1,0,0,1,6,_H2S_H2O,5.0,SAACU+6P-H2S-H2O,1637.152716,1637.1527,1638.160541,1638.1605,XAACU+6P
S,2,0,0,0,2,6,_H2S_H2O,5.0,SAAUU+6P-H2S-H2O,1638.136732,1638.1367,1639.1445569999998,1639.1446,XAAUU+6P
S,3,0,1,0,0,5,_H2S,5.0,SAAAG+5P-H2S,1638.230313,1638.2303,1639.238138,1639.2381,XAAAG+5P
S,0,1,0,3,0,6,_H2S_H2O,5.0,SCSSS+6P-H2S-H2O,1639.029753,1639.0298,1640.037578,1640.0376,XCSSS+6P
S,0,0,0,3,1,6,_H2S_H2O,5.0,SSSSU+6P-H2S-H2O,1640.013769,1640.0138,1641.0215939999998,1641.0216,XSSSU+6P
S,0,2,0,2,0,6,_H2S,5.0,SCCSS+6P-H2S,1640.079145,1640.0791,1641.0869699999998,1641.087,XCCSS+6P
S,0,0,2,2,0,5,_H2S,5.0,SGGSS+5P-H2S,1640.125108,1640.1251,1641.1329329999999,1641.1329,XGGSS+5P
S,0,1,0,2,1,6,_H2S,5.0,SCSSU+6P-H2S,1641.063161,1641.0632,1642.070986,1642.071,XCSSU+6P
S,0,0,0,2,2,6,_H2S,5.0,SSSUU+6P-H2S,1642.047177,1642.0472,1643.0550019999998,1643.055,XSSUU+6P
S,0,2,1,1,0,6,_H2S_H2O,5.0,SCCGS+6P-H2S-H2O,1645.113555,1645.1136,1646.1213799999998,1646.1214,XCCGS+6P
S,0,0,3,1,0,5,_H2S_H2O,5.0,SGGGS+5P-H2S-H2O,1645.159518,1645.1595,1646.1673429999998,1646.1673,XGGGS+5P
S,1,1,0,2,0,6,_H2S_H2O,5.0,SACSS+6P-H2S-H2O,1646.079813,1646.0798,1647.087638,1647.0876,XACSS+6P
S,0,1,1,1,1,6,_H2S_H2O,5.0,SCGSU+6P-H2S-H2O,1646.097571,1646.0976,1647.105396,1647.1054,XCGSU+6P
S,0,3,1,0,0,6,_H2S,5.0,SCCCG+6P-H2S,1646.162947,1646.1629,1647.170772,1647.1708,XCCCG+6P
S,0,1,3,0,0,5,_H2S,5.0,SCGGG+5P-H2S,1646.20891,1646.2089,1647.216735,1647.2167,XCGGG+5P
S,1,0,0,2,1,6,_H2S_H2O,5.0,SASSU+6P-H2S-H2O,1647.063829,1647.0638,1648.0716539999999,1648.0717,XASSU+6P
S,0,0,1,1,2,6,_H2S_H2O,5.0,SGSUU+6P-H2S-H2O,1647.081587,1647.0816,1648.0894119999998,1648.0894,XGSUU+6P
S,1,2,0,1,0,6,_H2S,5.0,SACCS+6P-H2S,1647.129205,1647.1292,1648.1370299999999,1648.137,XACCS+6P
S,0,2,1,0,1,6,_H2S,5.0,SCCGU+6P-H2S,1647.146963,1647.147,1648.1547879999998,1648.1548,XCCGU+6P
S,1,0,2,1,0,5,_H2S,5.0,SAGGS+5P-H2S,1647.175168,1647.1752,1648.182993,1648.183,XAGGS+5P
S,0,0,3,0,1,5,_H2S,5.0,SGGGU+5P-H2S,1647.192926,1647.1929,1648.2007509999999,1648.2008,XGGGU+5P
S,1,1,0,1,1,6,_H2S,5.0,SACSU+6P-H2S,1648.113221,1648.1132,1649.121046,1649.121,XACSU+6P
S,0,1,1,0,2,6,_H2S,5.0,SCGUU+6P-H2S,1648.130979,1648.131,1649.138804,1649.1388,XCGUU+6P
S,1,0,0,1,2,6,_H2S,5.0,SASUU+6P-H2S,1649.097237,1649.0972,1650.1050619999999,1650.1051,XASUU+6P
S,0,0,1,0,3,6,_H2S,5.0,SGUUU+6P-H2S,1649.114995,1649.115,1650.1228199999998,1650.1228,XGUUU+6P
S,1,2,1,0,0,6,_H2S_H2O,5.0,SACCG+6P-H2S-H2O,1652.163615,1652.1636,1653.1714399999998,1653.1714,XACCG+6P
S,1,0,3,0,0,5,_H2S_H2O,5.0,SAGGG+5P-H2S-H2O,1652.209578,1652.2096,1653.2174029999999,1653.2174,XAGGG+5P
S,2,1,0,1,0,6,_H2S_H2O,5.0,SAACS+6P-H2S-H2O,1653.129873,1653.1299,1654.137698,1654.1377,XAACS+6P
S,1,1,1,0,1,6,_H2S_H2O,5.0,SACGU+6P-H2S-H2O,1653.147631,1653.1476,1654.155456,1654.1555,XACGU+6P
S,2,0,0,1,1,6,_H2S_H2O,5.0,SAASU+6P-H2S-H2O,1654.113889,1654.1139,1655.1217139999999,1655.1217,XAASU+6P
S,1,0,1,0,2,6,_H2S_H2O,5.0,SAGUU+6P-H2S-H2O,1654.131647,1654.1316,1655.1394719999998,1655.1395,XAGUU+6P
S,2,2,0,0,0,6,_H2S,5.0,SAACC+6P-H2S,1654.179265,1654.1793,1655.18709,1655.1871,XAACC+6P
S,2,0,2,0,0,5,_H2S,5.0,SAAGG+5P-H2S,1654.225228,1654.2252,1655.233053,1655.2331,XAAGG+5P
S,2,1,0,0,1,6,_H2S,5.0,SAACU+6P-H2S,1655.163281,1655.1633,1656.171106,1656.1711,XAACU+6P
S,0,0,0,4,0,6,_H2S_H2O,5.0,SSSSS+6P-H2S-H2O,1655.990926,1655.9909,1656.9987509999999,1656.9988,XSSSS+6P
S,2,0,0,0,2,6,_H2S,5.0,SAAUU+6P-H2S,1656.147297,1656.1473,1657.155122,1657.1551,XAAUU+6P
S,0,1,0,3,0,6,_H2S,5.0,SCSSS+6P-H2S,1657.040318,1657.0403,1658.048143,1658.0481,XCSSS+6P
S,0,0,0,3,1,6,_H2S,5.0,SSSSU+6P-H2S,1658.024334,1658.0243,1659.0321589999999,1659.0322,XSSSU+6P
S,3,1,0,0,0,6,_H2S_H2O,5.0,SAAAC+6P-H2S-H2O,1660.179933,1660.1799,1661.1877579999998,1661.1878,XAAAC+6P
S,3,0,0,0,1,6,_H2S_H2O,5.0,SAAAU+6P-H2S-H2O,1661.163949,1661.1639,1662.171774,1662.1718,XAAAU+6P
S,0,1,1,2,0,6,_H2S_H2O,5.0,SCGSS+6P-H2S-H2O,1662.074728,1662.0747,1663.082553,1663.0826,XCGSS+6P
S,1,0,0,3,0,6,_H2S_H2O,5.0,SASSS+6P-H2S-H2O,1663.040986,1663.041,1664.048811,1664.0488,XASSS+6P
S,0,0,1,2,1,6,_H2S_H2O,5.0,SGSSU+6P-H2S-H2O,1663.058744,1663.0587,1664.0665689999998,1664.0666,XGSSU+6P
S,0,2,1,1,0,6,_H2S,5.0,SCCGS+6P-H2S,1663.12412,1663.1241,1664.1319449999999,1664.1319,XCCGS+6P
S,0,0,3,1,0,5,_H2S,5.0,SGGGS+5P-H2S,1663.170083,1663.1701,1664.177908,1664.1779,XGGGS+5P
S,1,1,0,2,0,6,_H2S,5.0,SACSS+6P-H2S,1664.090378,1664.0904,1665.098203,1665.0982,XACSS+6P
S,0,1,1,1,1,6,_H2S,5.0,SCGSU+6P-H2S,1664.108136,1664.1081,1665.115961,1665.116,XCGSU+6P
S,1,0,0,2,1,6,_H2S,5.0,SASSU+6P-H2S,1665.074394,1665.0744,1666.082219,1666.0822,XASSU+6P
S,0,0,1,1,2,6,_H2S,5.0,SGSUU+6P-H2S,1665.092152,1665.0922,1666.0999769999999,1666.1,XGSUU+6P
S,0,2,2,0,0,6,_H2S_H2O,5.0,SCCGG+6P-H2S-H2O,1668.15853,1668.1585,1669.1663549999998,1669.1664,XCCGG+6P
S,0,0,4,0,0,5,_H2S_H2O,5.0,SGGGG+5P-H2S-H2O,1668.204493,1668.2045,1669.2123179999999,1669.2123,XGGGG+5P
S,1,1,1,1,0,6,_H2S_H2O,5.0,SACGS+6P-H2S-H2O,1669.124788,1669.1248,1670.132613,1670.1326,XACGS+6P
S,0,1,2,0,1,6,_H2S_H2O,5.0,SCGGU+6P-H2S-H2O,1669.142546,1669.1425,1670.150371,1670.1504,XCGGU+6P
S,2,0,0,2,0,6,_H2S_H2O,5.0,SAASS+6P-H2S-H2O,1670.091046,1670.091,1671.098871,1671.0989,XAASS+6P
S,1,0,1,1,1,6,_H2S_H2O,5.0,SAGSU+6P-H2S-H2O,1670.108804,1670.1088,1671.1166289999999,1671.1166,XAGSU+6P
S,0,0,2,0,2,6,_H2S_H2O,5.0,SGGUU+6P-H2S-H2O,1670.126562,1670.1266,1671.1343869999998,1671.1344,XGGUU+6P
S,1,2,1,0,0,6,_H2S,5.0,SACCG+6P-H2S,1670.17418,1670.1742,1671.182005,1671.182,XACCG+6P
S,1,0,3,0,0,5,_H2S,5.0,SAGGG+5P-H2S,1670.220143,1670.2201,1671.227968,1671.228,XAGGG+5P
S,2,1,0,1,0,6,_H2S,5.0,SAACS+6P-H2S,1671.140438,1671.1404,1672.1482629999998,1672.1483,XAACS+6P
S,1,1,1,0,1,6,_H2S,5.0,SACGU+6P-H2S,1671.158196,1671.1582,1672.166021,1672.166,XACGU+6P
S,2,0,0,1,1,6,_H2S,5.0,SAASU+6P-H2S,1672.124454,1672.1245,1673.132279,1673.1323,XAASU+6P
S,1,0,1,0,2,6,_H2S,5.0,SAGUU+6P-H2S,1672.142212,1672.1422,1673.1500369999999,1673.15,XAGUU+6P
S,0,0,0,4,0,6,_H2S,5.0,SSSSS+6P-H2S,1674.001491,1674.0015,1675.009316,1675.0093,XSSSS+6P
S,2,1,1,0,0,6,_H2S_H2O,5.0,SAACG+6P-H2S-H2O,1676.174848,1676.1748,1677.182673,1677.1827,XAACG+6P
S,3,0,0,1,0,6,_H2S_H2O,5.0,SAAAS+6P-H2S-H2O,1677.141106,1677.1411,1678.148931,1678.1489,XAAAS+6P
S,2,0,1,0,1,6,_H2S_H2O,5.0,SAAGU+6P-H2S-H2O,1677.158864,1677.1589,1678.166689,1678.1667,XAAGU+6P
S,3,1,0,0,0,6,_H2S,5.0,SAAAC+6P-H2S,1678.190498,1678.1905,1679.1983229999998,1679.1983,XAAAC+6P
S,0,0,1,3,0,6,_H2S_H2O,5.0,SGSSS+6P-H2S-H2O,1679.035901,1679.0359,1680.0437259999999,1680.0437,XGSSS+6P
S,3,0,0,0,1,6,_H2S,5.0,SAAAU+6P-H2S,1679.174514,1679.1745,1680.182339,1680.1823,XAAAU+6P
S,0,1,1,2,0,6,_H2S,5.0,SCGSS+6P-H2S,1680.085293,1680.0853,1681.093118,1681.0931,XCGSS+6P
S,1,0,0,3,0,6,_H2S,5.0,SASSS+6P-H2S,1681.051551,1681.0516,1682.059376,1682.0594,XASSS+6P
S,0,0,1,2,1,6,_H2S,5.0,SGSSU+6P-H2S,1681.069309,1681.0693,1682.077134,1682.0771,XGSSU+6P
S,4,0,0,0,0,6,_H2S_H2O,5.0,SAAAA+6P-H2S-H2O,1684.191166,1684.1912,1685.198991,1685.199,XAAAA+6P
S,0,1,2,1,0,6,_H2S_H2O,5.0,SCGGS+6P-H2S-H2O,1685.119703,1685.1197,1686.127528,1686.1275,XCGGS+6P
S,1,0,1,2,0,6,_H2S_H2O,5.0,SAGSS+6P-H2S-H2O,1686.085961,1686.086,1687.093786,1687.0938,XAGSS+6P
S,0,0,2,1,1,6,_H2S_H2O,5.0,SGGSU+6P-H2S-H2O,1686.103719,1686.1037,1687.1115439999999,1687.1115,XGGSU+6P
S,0,2,2,0,0,6,_H2S,5.0,SCCGG+6P-H2S,1686.169095,1686.1691,1687.1769199999999,1687.1769,XCCGG+6P
S,0,0,4,0,0,5,_H2S,5.0,SGGGG+5P-H2S,1686.215058,1686.2151,1687.222883,1687.2229,XGGGG+5P
S,1,1,1,1,0,6,_H2S,5.0,SACGS+6P-H2S,1687.135353,1687.1354,1688.1431779999998,1688.1432,XACGS+6P
S,0,1,2,0,1,6,_H2S,5.0,SCGGU+6P-H2S,1687.153111,1687.1531,1688.160936,1688.1609,XCGGU+6P
S,2,0,0,2,0,6,_H2S,5.0,SAASS+6P-H2S,1688.101611,1688.1016,1689.109436,1689.1094,XAASS+6P
S,1,0,1,1,1,6,_H2S,5.0,SAGSU+6P-H2S,1688.119369,1688.1194,1689.127194,1689.1272,XAGSU+6P
S,0,0,2,0,2,6,_H2S,5.0,SGGUU+6P-H2S,1688.137127,1688.1371,1689.1449519999999,1689.145,XGGUU+6P
S,1,1,2,0,0,6,_H2S_H2O,5.0,SACGG+6P-H2S-H2O,1692.169763,1692.1698,1693.177588,1693.1776,XACGG+6P
S,2,0,1,1,0,6,_H2S_H2O,5.0,SAAGS+6P-H2S-H2O,1693.136021,1693.136,1694.143846,1694.1438,XAAGS+6P
S,1,0,2,0,1,6,_H2S_H2O,5.0,SAGGU+6P-H2S-H2O,1693.153779,1693.1538,1694.161604,1694.1616,XAGGU+6P
S,2,1,1,0,0,6,_H2S,5.0,SAACG+6P-H2S,1694.185413,1694.1854,1695.1932379999998,1695.1932,XAACG+6P
S,3,0,0,1,0,6,_H2S,5.0,SAAAS+6P-H2S,1695.151671,1695.1517,1696.159496,1696.1595,XAAAS+6P
S,2,0,1,0,1,6,_H2S,5.0,SAAGU+6P-H2S,1695.169429,1695.1694,1696.177254,1696.1773,XAAGU+6P
S,0,0,1,3,0,6,_H2S,5.0,SGSSS+6P-H2S,1697.046466,1697.0465,1698.054291,1698.0543,XGSSS+6P
S,3,0,1,0,0,6,_H2S_H2O,5.0,SAAAG+6P-H2S-H2O,1700.186081,1700.1861,1701.193906,1701.1939,XAAAG+6P
S,0,0,2,2,0,6,_H2S_H2O,5.0,SGGSS+6P-H2S-H2O,1702.080876,1702.0809,1703.088701,1703.0887,XGGSS+6P
S,4,0,0,0,0,6,_H2S,5.0,SAAAA+6P-H2S,1702.201731,1702.2017,1703.209556,1703.2096,XAAAA+6P
S,0,1,2,1,0,6,_H2S,5.0,SCGGS+6P-H2S,1703.130268,1703.1303,1704.1380929999998,1704.1381,XCGGS+6P
S,1,0,1,2,0,6,_H2S,5.0,SAGSS+6P-H2S,1704.096526,1704.0965,1705.104351,1705.1044,XAGSS+6P
S,0,0,2,1,1,6,_H2S,5.0,SGGSU+6P-H2S,1704.114284,1704.1143,1705.122109,1705.1221,XGGSU+6P
S,0,1,3,0,0,6,_H2S_H2O,5.0,SCGGG+6P-H2S-H2O,1708.164678,1708.1647,1709.172503,1709.1725,XCGGG+6P
S,1,0,2,1,0,6,_H2S_H2O,5.0,SAGGS+6P-H2S-H2O,1709.130936,1709.1309,1710.138761,1710.1388,XAGGS+6P
S,0,0,3,0,1,6,_H2S_H2O,5.0,SGGGU+6P-H2S-H2O,1709.148694,1709.1487,1710.156519,1710.1565,XGGGU+6P
S,1,1,2,0,0,6,_H2S,5.0,SACGG+6P-H2S,1710.180328,1710.1803,1711.1881529999998,1711.1882,XACGG+6P
S,2,0,1,1,0,6,_H2S,5.0,SAAGS+6P-H2S,1711.146586,1711.1466,1712.154411,1712.1544,XAAGS+6P
S,1,0,2,0,1,6,_H2S,5.0,SAGGU+6P-H2S,1711.164344,1711.1643,1712.172169,1712.1722,XAGGU+6P
S,2,0,2,0,0,6,_H2S_H2O,5.0,SAAGG+6P-H2S-H2O,1716.180996,1716.181,1717.188821,1717.1888,XAAGG+6P
S,3,0,1,0,0,6,_H2S,5.0,SAAAG+6P-H2S,1718.196646,1718.1966,1719.204471,1719.2045,XAAAG+6P
S,0,0,2,2,0,6,_H2S,5.0,SGGSS+6P-H2S,1720.091441,1720.0914,1721.099266,1721.0993,XGGSS+6P
S,0,0,3,1,0,6,_H2S_H2O,5.0,SGGGS+6P-H2S-H2O,1725.125851,1725.1259,1726.133676,1726.1337,XGGGS+6P
S,0,1,3,0,0,6,_H2S,5.0,SCGGG+6P-H2S,1726.175243,1726.1752,1727.1830679999998,1727.1831,XCGGG+6P
S,1,0,2,1,0,6,_H2S,5.0,SAGGS+6P-H2S,1727.141501,1727.1415,1728.149326,1728.1493,XAGGS+6P
S,0,0,3,0,1,6,_H2S,5.0,SGGGU+6P-H2S,1727.159259,1727.1593,1728.167084,1728.1671,XGGGU+6P
S,1,0,3,0,0,6,_H2S_H2O,5.0,SAGGG+6P-H2S-H2O,1732.175911,1732.1759,1733.183736,1733.1837,XAGGG+6P
S,2,0,2,0,0,6,_H2S,5.0,SAAGG+6P-H2S,1734.191561,1734.1916,1735.199386,1735.1994,XAAGG+6P
S,0,0,3,1,0,6,_H2S,5.0,SGGGS+6P-H2S,1743.136416,1743.1364,1744.144241,1744.1442,XGGGS+6P
S,0,0,4,0,0,6,_H2S_H2O,5.0,SGGGG+6P-H2S-H2O,1748.170826,1748.1708,1749.178651,1749.1787,XGGGG+6P
S,1,0,3,0,0,6,_H2S,5.0,SAGGG+6P-H2S,1750.186476,1750.1865,1751.194301,1751.1943,XAGGG+6P
S,0,0,4,0,0,6,_H2S,5.0,SGGGG+6P-H2S,1766.181391,1766.1814,1767.189216,1767.1892,XGGGG+6P
